"UsageDate","SubscriptionName","ResourceGroupName","ServiceName","ImporteMXN"
"02/01/2026 00:00:00","Azure Protg","extraccion-de-datos-etl","Backup","25.52"
"02/01/2026 00:00:00","Azure Protg","extraccion-de-datos-etl","Bandwidth","2.54"
"02/01/2026 00:00:00","Azure Protg","extraccion-de-datos-etl","Storage","4134.82"
"02/01/2026 00:00:00","Azure Protg","extraccion-de-datos-etl","Virtual Machines","1029.13"
"02/01/2026 00:00:00","Azure Protg","extraccion-de-datos-etl","Virtual Machines Licenses","2312.65"
"02/01/2026 00:00:00","Azure Protg","extraccion-de-datos-etl","Virtual Network","28.91"
"02/01/2026 00:00:00","Microsoft Azure","ai_osticket-wapp-insight_0785bd01-1b07-4315-8c52-0ade30310c05_managed","Log Analytics","83.84"
"02/01/2026 00:00:00","Microsoft Azure","cloud-shell-storage-southcentralus","Bandwidth","0"
"02/01/2026 00:00:00","Microsoft Azure","cloud-shell-storage-southcentralus","Storage","19.35"
"02/01/2026 00:00:00","Microsoft Azure","default-activitylogalerts","Azure Monitor","0"
"02/01/2026 00:00:00","Microsoft Azure","defaultresourcegroup-eus","Log Analytics","0"
"02/01/2026 00:00:00","Microsoft Azure","defaultresourcegroup-scus","Log Analytics","0.08"
"02/01/2026 00:00:00","Microsoft Azure","gpomoodleproductivo","Azure App Service","1005.1"
"02/01/2026 00:00:00","Microsoft Azure","gpomoodleproductivo","Azure Database for MySQL","1053.27"
"02/01/2026 00:00:00","Microsoft Azure","gpomoodleproductivo","Bandwidth","0"
"02/01/2026 00:00:00","Microsoft Azure","gpomoodleproductivo","Storage","9.36"
"02/01/2026 00:00:00","Microsoft Azure","osticket-pruebas","Azure App Service","0"
"02/01/2026 00:00:00","Microsoft Azure","osticket-webapp","Azure App Service","1083.85"
"02/01/2026 00:00:00","Microsoft Azure","osticket-webapp","Azure Database for MySQL","9045.75"
"02/01/2026 00:00:00","Microsoft Azure","osticket-webapp","Azure Monitor","0"
"02/01/2026 00:00:00","Microsoft Azure","osticket-webapp","Bandwidth","6.5"
"02/01/2026 00:00:00","Microsoft Azure","osticket-webapp","Storage","773.96"
"02/01/2026 00:00:00","Microsoft Azure","rgprotgprod","Azure Database for MySQL","354.16"
"02/01/2026 00:00:00","Microsoft Azure","rgprotgprod","Backup","1173.08"
"02/01/2026 00:00:00","Microsoft Azure","rgprotgprod","Bandwidth","0.53"
"02/01/2026 00:00:00","Microsoft Azure","rgprotgprod","Storage","3734.25"
"02/01/2026 00:00:00","Microsoft Azure","rgprotgprod","Virtual Machines","8330.8"
"02/01/2026 00:00:00","Microsoft Azure","rgprotgprod","Virtual Machines Licenses","0"
"02/01/2026 00:00:00","Microsoft Azure","rgprotgprod","Virtual Network","109.83"
"02/01/2026 00:00:00","Microsoft Azure","rgprotgprod","VPN Gateway","2745.76"
"02/01/2026 00:00:00","Microsoft Azure","rgprotgweb","Azure App Service","8309.53"
"02/01/2026 00:00:00","Microsoft Azure","rgprotgweb","Bandwidth","0.05"
"02/01/2026 00:00:00","Microsoft Azure","rgprotgweb","Storage","15.42"
"02/01/2026 00:00:00","Microsoft Azure","srv-mongo_group","Backup","128.61"
"02/01/2026 00:00:00","Microsoft Azure","startstop","Azure App Service","0"
"02/01/2026 00:00:00","Microsoft Azure","startstop","Azure Monitor","20.28"
"02/01/2026 00:00:00","Microsoft Azure","startstop","Bandwidth","0"
"02/01/2026 00:00:00","Microsoft Azure","startstop","Functions","0"
"02/01/2026 00:00:00","Microsoft Azure","startstop","Log Analytics","0"
"02/01/2026 00:00:00","Microsoft Azure","startstop","Logic Apps","0.04"
"02/01/2026 00:00:00","Microsoft Azure","startstop","Storage","2.36"
"03/01/2026 00:00:00","Azure Protg","extraccion-de-datos-etl","Backup","107.52"
"03/01/2026 00:00:00","Azure Protg","extraccion-de-datos-etl","Bandwidth","0.01"
"03/01/2026 00:00:00","Azure Protg","extraccion-de-datos-etl","Storage","11958"
"03/01/2026 00:00:00","Azure Protg","extraccion-de-datos-etl","Virtual Machines","2847.82"
"03/01/2026 00:00:00","Azure Protg","extraccion-de-datos-etl","Virtual Machines Licenses","6399.6"
"03/01/2026 00:00:00","Azure Protg","extraccion-de-datos-etl","Virtual Network","80"
"03/01/2026 00:00:00","Microsoft Azure","ai_osticket-wapp-insight_0785bd01-1b07-4315-8c52-0ade30310c05_managed","Log Analytics","0"
"03/01/2026 00:00:00","Microsoft Azure","cloud-shell-storage-southcentralus","Storage","19.35"
"03/01/2026 00:00:00","Microsoft Azure","default-activitylogalerts","Azure Monitor","0"
"03/01/2026 00:00:00","Microsoft Azure","defaultresourcegroup-eus","Log Analytics","0"
"03/01/2026 00:00:00","Microsoft Azure","defaultresourcegroup-scus","Log Analytics","0"
"03/01/2026 00:00:00","Microsoft Azure","osticket-pruebas","Azure App Service","0"
"03/01/2026 00:00:00","Microsoft Azure","osticket-webapp","Azure App Service","1199.98"
"03/01/2026 00:00:00","Microsoft Azure","osticket-webapp","Azure Database for MySQL","9991.08"
"03/01/2026 00:00:00","Microsoft Azure","osticket-webapp","Azure Monitor","0"
"03/01/2026 00:00:00","Microsoft Azure","osticket-webapp","Bandwidth","0"
"03/01/2026 00:00:00","Microsoft Azure","osticket-webapp","Storage","781.44"
"03/01/2026 00:00:00","Microsoft Azure","rgprotgprod","Azure Database for MySQL","385.75"
"03/01/2026 00:00:00","Microsoft Azure","rgprotgprod","Backup","1206.68"
"03/01/2026 00:00:00","Microsoft Azure","rgprotgprod","Bandwidth","0.43"
"03/01/2026 00:00:00","Microsoft Azure","rgprotgprod","Storage","3768.33"
"03/01/2026 00:00:00","Microsoft Azure","rgprotgprod","Virtual Machines","10127.67"
"03/01/2026 00:00:00","Microsoft Azure","rgprotgprod","Virtual Machines Licenses","0"
"03/01/2026 00:00:00","Microsoft Azure","rgprotgprod","Virtual Network","121.6"
"03/01/2026 00:00:00","Microsoft Azure","rgprotgprod","VPN Gateway","3039.95"
"03/01/2026 00:00:00","Microsoft Azure","rgprotgweb","Azure App Service","9199.84"
"03/01/2026 00:00:00","Microsoft Azure","rgprotgweb","Bandwidth","0"
"03/01/2026 00:00:00","Microsoft Azure","rgprotgweb","Storage","15.43"
"03/01/2026 00:00:00","Microsoft Azure","srv-mongo_group","Backup","142.39"
"04/01/2026 00:00:00","Azure Protg","extraccion-de-datos-etl","Backup","104.06"
"04/01/2026 00:00:00","Azure Protg","extraccion-de-datos-etl","Bandwidth","0.01"
"04/01/2026 00:00:00","Azure Protg","extraccion-de-datos-etl","Storage","7611.95"
"04/01/2026 00:00:00","Azure Protg","extraccion-de-datos-etl","Virtual Machines","2122.43"
"04/01/2026 00:00:00","Azure Protg","extraccion-de-datos-etl","Virtual Machines Licenses","6192.15"
"04/01/2026 00:00:00","Azure Protg","extraccion-de-datos-etl","Virtual Network","66.56"
"04/01/2026 00:00:00","Microsoft Azure","ai_osticket-wapp-insight_0785bd01-1b07-4315-8c52-0ade30310c05_managed","Log Analytics","0"
"04/01/2026 00:00:00","Microsoft Azure","cloud-shell-storage-southcentralus","Storage","19.35"
"04/01/2026 00:00:00","Microsoft Azure","default-activitylogalerts","Azure Monitor","0"
"04/01/2026 00:00:00","Microsoft Azure","defaultresourcegroup-eus","Log Analytics","11.64"
"04/01/2026 00:00:00","Microsoft Azure","defaultresourcegroup-scus","Log Analytics","0"
"04/01/2026 00:00:00","Microsoft Azure","osticket-pruebas","Azure App Service","0"
"04/01/2026 00:00:00","Microsoft Azure","osticket-webapp","Azure App Service","1161.27"
"04/01/2026 00:00:00","Microsoft Azure","osticket-webapp","Azure Database for MySQL","10870.07"
"04/01/2026 00:00:00","Microsoft Azure","osticket-webapp","Azure Monitor","0"
"04/01/2026 00:00:00","Microsoft Azure","osticket-webapp","Bandwidth","0"
"04/01/2026 00:00:00","Microsoft Azure","osticket-webapp","Storage","787.94"
"04/01/2026 00:00:00","Microsoft Azure","rgprotgprod","Azure Database for MySQL","375.22"
"04/01/2026 00:00:00","Microsoft Azure","rgprotgprod","Backup","1193.05"
"04/01/2026 00:00:00","Microsoft Azure","rgprotgprod","Bandwidth","0.44"
"04/01/2026 00:00:00","Microsoft Azure","rgprotgprod","Storage","3757.64"
"04/01/2026 00:00:00","Microsoft Azure","rgprotgprod","Virtual Machines","9799.53"
"04/01/2026 00:00:00","Microsoft Azure","rgprotgprod","Virtual Machines Licenses","0"
"04/01/2026 00:00:00","Microsoft Azure","rgprotgprod","Virtual Network","117.68"
"04/01/2026 00:00:00","Microsoft Azure","rgprotgprod","VPN Gateway","2941.88"
"04/01/2026 00:00:00","Microsoft Azure","rgprotgweb","Azure App Service","8903.07"
"04/01/2026 00:00:00","Microsoft Azure","rgprotgweb","Bandwidth","0"
"04/01/2026 00:00:00","Microsoft Azure","rgprotgweb","Storage","15.41"
"04/01/2026 00:00:00","Microsoft Azure","srv-mongo_group","Backup","137.8"
"05/01/2026 00:00:00","Azure Protg","extraccion-de-datos-etl","Backup","46.54"
"05/01/2026 00:00:00","Azure Protg","extraccion-de-datos-etl","Bandwidth","0"
"05/01/2026 00:00:00","Azure Protg","extraccion-de-datos-etl","Storage","1713.21"
"05/01/2026 00:00:00","Azure Protg","extraccion-de-datos-etl","Virtual Machines","582.62"
"05/01/2026 00:00:00","Azure Protg","extraccion-de-datos-etl","Virtual Machines Licenses","2769.84"
"05/01/2026 00:00:00","Azure Protg","extraccion-de-datos-etl","Virtual Network","34.62"
"05/01/2026 00:00:00","Azure Protg","glpi-protg","Bandwidth","0"
"05/01/2026 00:00:00","Azure Protg","glpi-protg","Storage","41.06"
"05/01/2026 00:00:00","Azure Protg","glpi-protg","Virtual Machines","271.61"
"05/01/2026 00:00:00","Azure Protg","glpi-protg","Virtual Network","4.02"
"05/01/2026 00:00:00","Microsoft Azure","ai_osticket-wapp-insight_0785bd01-1b07-4315-8c52-0ade30310c05_managed","Log Analytics","0"
"05/01/2026 00:00:00","Microsoft Azure","cloud-shell-storage-southcentralus","Storage","8.39"
"05/01/2026 00:00:00","Microsoft Azure","default-activitylogalerts","Azure Monitor","0"
"05/01/2026 00:00:00","Microsoft Azure","defaultresourcegroup-eus","Log Analytics","0"
"05/01/2026 00:00:00","Microsoft Azure","defaultresourcegroup-scus","Log Analytics","0"
"05/01/2026 00:00:00","Microsoft Azure","osticket-pruebas","Azure App Service","0"
"05/01/2026 00:00:00","Microsoft Azure","osticket-webapp","Azure App Service","519.35"
"05/01/2026 00:00:00","Microsoft Azure","osticket-webapp","Azure Database for MySQL","4286.96"
"05/01/2026 00:00:00","Microsoft Azure","osticket-webapp","Azure Monitor","0"
"05/01/2026 00:00:00","Microsoft Azure","osticket-webapp","Bandwidth","0"
"05/01/2026 00:00:00","Microsoft Azure","osticket-webapp","Storage","343.94"
"05/01/2026 00:00:00","Microsoft Azure","rgprotgprod","Azure Database for MySQL","166.43"
"05/01/2026 00:00:00","Microsoft Azure","rgprotgprod","Backup","502.58"
"05/01/2026 00:00:00","Microsoft Azure","rgprotgprod","Bandwidth","0.19"
"05/01/2026 00:00:00","Microsoft Azure","rgprotgprod","Storage","1631.05"
"05/01/2026 00:00:00","Microsoft Azure","rgprotgprod","Virtual Machines","4369.36"
"05/01/2026 00:00:00","Microsoft Azure","rgprotgprod","Virtual Machines Licenses","0"
"05/01/2026 00:00:00","Microsoft Azure","rgprotgprod","Virtual Network","52.79"
"05/01/2026 00:00:00","Microsoft Azure","rgprotgprod","VPN Gateway","1319.76"
"05/01/2026 00:00:00","Microsoft Azure","rgprotgweb","Azure App Service","3981.65"
"05/01/2026 00:00:00","Microsoft Azure","rgprotgweb","Bandwidth","0"
"05/01/2026 00:00:00","Microsoft Azure","rgprotgweb","Storage","6.75"
"05/01/2026 00:00:00","Microsoft Azure","srv-mongo_group","Backup","61.63"
