"subscriptionId","resourceGroup","name","type","kind","location","sku","skuTier","tags","id","subscriptionName","ResourceId"
"b428f40f-25ce-4000-b888-b850b9ffd789","extraccion-de-datos-etl","VM-SQL-ETL_DataDisk_0","microsoft.compute/disks","","eastus","Standard_LRS","Standard","{""Environment"":""Production"",""CostCenter"":""ProTG"",""Application"":""ETL"",""Client"":""ProTG""}","/subscriptions/b428f40f-25ce-4000-b888-b850b9ffd789/resourceGroups/Extraccion-de-datos-ETL/providers/Microsoft.Compute/disks/VM-SQL-ETL_DataDisk_0","Azure Protg","/subscriptions/b428f40f-25ce-4000-b888-b850b9ffd789/resourceGroups/Extraccion-de-datos-ETL/providers/Microsoft.Compute/disks/VM-SQL-ETL_DataDisk_0"
"b428f40f-25ce-4000-b888-b850b9ffd789","extraccion-de-datos-etl","VM-SQL-ETL_DataDisk_1","microsoft.compute/disks","","eastus","Standard_LRS","Standard","{""Environment"":""Production"",""CostCenter"":""ProTG"",""Application"":""ETL"",""Client"":""ProTG""}","/subscriptions/b428f40f-25ce-4000-b888-b850b9ffd789/resourceGroups/Extraccion-de-datos-ETL/providers/Microsoft.Compute/disks/VM-SQL-ETL_DataDisk_1","Azure Protg","/subscriptions/b428f40f-25ce-4000-b888-b850b9ffd789/resourceGroups/Extraccion-de-datos-ETL/providers/Microsoft.Compute/disks/VM-SQL-ETL_DataDisk_1"
"b428f40f-25ce-4000-b888-b850b9ffd789","extraccion-de-datos-etl","VM-SQL-ETL_DataDisk_2","microsoft.compute/disks","","eastus","Standard_LRS","Standard","{""Environment"":""Production"",""Application"":""ETL"",""CostCenter"":""ProTG"",""Client"":""ProTG""}","/subscriptions/b428f40f-25ce-4000-b888-b850b9ffd789/resourceGroups/Extraccion-de-datos-ETL/providers/Microsoft.Compute/disks/VM-SQL-ETL_DataDisk_2","Azure Protg","/subscriptions/b428f40f-25ce-4000-b888-b850b9ffd789/resourceGroups/Extraccion-de-datos-ETL/providers/Microsoft.Compute/disks/VM-SQL-ETL_DataDisk_2"
"b428f40f-25ce-4000-b888-b850b9ffd789","extraccion-de-datos-etl","VM-SQL-ETL_OsDisk_1_ad7c1504bef549b88046449d327ba56e","microsoft.compute/disks","","eastus","Standard_LRS","Standard","{""Environment"":""Production"",""Application"":""ETL"",""CostCenter"":""ProTG"",""Client"":""ProTG""}","/subscriptions/b428f40f-25ce-4000-b888-b850b9ffd789/resourceGroups/Extraccion-de-datos-ETL/providers/Microsoft.Compute/disks/VM-SQL-ETL_OsDisk_1_ad7c1504bef549b88046449d327ba56e","Azure Protg","/subscriptions/b428f40f-25ce-4000-b888-b850b9ffd789/resourceGroups/Extraccion-de-datos-ETL/providers/Microsoft.Compute/disks/VM-SQL-ETL_OsDisk_1_ad7c1504bef549b88046449d327ba56e"
"b428f40f-25ce-4000-b888-b850b9ffd789","extraccion-de-datos-etl","VM-SQL-ETL","microsoft.compute/virtualmachines","","eastus","","","{""Environment"":""Production"",""CostCenter"":""ProTG"",""Application"":""ETL"",""Client"":""ProTG""}","/subscriptions/b428f40f-25ce-4000-b888-b850b9ffd789/resourceGroups/Extraccion-de-datos-ETL/providers/Microsoft.Compute/virtualMachines/VM-SQL-ETL","Azure Protg","/subscriptions/b428f40f-25ce-4000-b888-b850b9ffd789/resourceGroups/Extraccion-de-datos-ETL/providers/Microsoft.Compute/virtualMachines/VM-SQL-ETL"
"b428f40f-25ce-4000-b888-b850b9ffd789","extraccion-de-datos-etl","SqlIaasExtension","microsoft.compute/virtualmachines/extensions","","eastus","","","","/subscriptions/b428f40f-25ce-4000-b888-b850b9ffd789/resourceGroups/Extraccion-de-datos-ETL/providers/Microsoft.Compute/virtualMachines/VM-SQL-ETL/extensions/SqlIaasExtension","Azure Protg","/subscriptions/b428f40f-25ce-4000-b888-b850b9ffd789/resourceGroups/Extraccion-de-datos-ETL/providers/Microsoft.Compute/virtualMachines/VM-SQL-ETL/extensions/SqlIaasExtension"
"b428f40f-25ce-4000-b888-b850b9ffd789","extraccion-de-datos-etl","vm-sql-etl931_z1","microsoft.network/networkinterfaces","Regular","eastus","","","{""Environment"":""Production"",""CostCenter"":""ProTG"",""Application"":""ETL"",""Client"":""ProTG""}","/subscriptions/b428f40f-25ce-4000-b888-b850b9ffd789/resourceGroups/Extraccion-de-datos-ETL/providers/Microsoft.Network/networkInterfaces/vm-sql-etl931_z1","Azure Protg","/subscriptions/b428f40f-25ce-4000-b888-b850b9ffd789/resourceGroups/Extraccion-de-datos-ETL/providers/Microsoft.Network/networkInterfaces/vm-sql-etl931_z1"
"b428f40f-25ce-4000-b888-b850b9ffd789","extraccion-de-datos-etl","VM-SQL-ETL-nsg","microsoft.network/networksecuritygroups","","eastus","","","{""Environment"":""Production"",""CostCenter"":""ProTG"",""Application"":""ETL"",""Client"":""ProTG""}","/subscriptions/b428f40f-25ce-4000-b888-b850b9ffd789/resourceGroups/Extraccion-de-datos-ETL/providers/Microsoft.Network/networkSecurityGroups/VM-SQL-ETL-nsg","Azure Protg","/subscriptions/b428f40f-25ce-4000-b888-b850b9ffd789/resourceGroups/Extraccion-de-datos-ETL/providers/Microsoft.Network/networkSecurityGroups/VM-SQL-ETL-nsg"
"b428f40f-25ce-4000-b888-b850b9ffd789","extraccion-de-datos-etl","VM-SQL-ETL-ip","microsoft.network/publicipaddresses","","eastus","Standard","Regional","{""Environment"":""Production"",""CostCenter"":""ProTG"",""Application"":""ETL"",""Client"":""ProTG""}","/subscriptions/b428f40f-25ce-4000-b888-b850b9ffd789/resourceGroups/Extraccion-de-datos-ETL/providers/Microsoft.Network/publicIPAddresses/VM-SQL-ETL-ip","Azure Protg","/subscriptions/b428f40f-25ce-4000-b888-b850b9ffd789/resourceGroups/Extraccion-de-datos-ETL/providers/Microsoft.Network/publicIPAddresses/VM-SQL-ETL-ip"
"b428f40f-25ce-4000-b888-b850b9ffd789","extraccion-de-datos-etl","vnet-eastus","microsoft.network/virtualnetworks","","eastus","","","{""Environment"":""Production"",""CostCenter"":""ProTG"",""Application"":""ETL"",""Client"":""ProTG""}","/subscriptions/b428f40f-25ce-4000-b888-b850b9ffd789/resourceGroups/Extraccion-de-datos-ETL/providers/Microsoft.Network/virtualNetworks/vnet-eastus","Azure Protg","/subscriptions/b428f40f-25ce-4000-b888-b850b9ffd789/resourceGroups/Extraccion-de-datos-ETL/providers/Microsoft.Network/virtualNetworks/vnet-eastus"
"b428f40f-25ce-4000-b888-b850b9ffd789","extraccion-de-datos-etl","vault-mlqzlkj1","microsoft.recoveryservices/vaults","","eastus","RS0","Standard","{""Environment"":""Production"",""CostCenter"":""ProTG"",""Application"":""ETL"",""Client"":""ProTG""}","/subscriptions/b428f40f-25ce-4000-b888-b850b9ffd789/resourceGroups/Extraccion-de-datos-ETL/providers/Microsoft.RecoveryServices/vaults/vault-mlqzlkj1","Azure Protg","/subscriptions/b428f40f-25ce-4000-b888-b850b9ffd789/resourceGroups/Extraccion-de-datos-ETL/providers/Microsoft.RecoveryServices/vaults/vault-mlqzlkj1"
"b428f40f-25ce-4000-b888-b850b9ffd789","extraccion-de-datos-etl","VM-SQL-ETL","microsoft.sqlvirtualmachine/sqlvirtualmachines","","eastus","","","{""Environment"":""Production"",""CostCenter"":""ProTG"",""Application"":""ETL"",""Client"":""ProTG""}","/subscriptions/b428f40f-25ce-4000-b888-b850b9ffd789/resourceGroups/Extraccion-de-datos-ETL/providers/Microsoft.SqlVirtualMachine/SqlVirtualMachines/VM-SQL-ETL","Azure Protg","/subscriptions/b428f40f-25ce-4000-b888-b850b9ffd789/resourceGroups/Extraccion-de-datos-ETL/providers/Microsoft.SqlVirtualMachine/SqlVirtualMachines/VM-SQL-ETL"
"b428f40f-25ce-4000-b888-b850b9ffd789","extraccion-de-datos-etl","storagedatosetl","microsoft.storage/storageaccounts","StorageV2","eastus","Standard_LRS","Standard","{""Environment"":""Production"",""CostCenter"":""ProTG"",""Application"":""ETL"",""Client"":""ProTG""}","/subscriptions/b428f40f-25ce-4000-b888-b850b9ffd789/resourceGroups/Extraccion-de-datos-ETL/providers/Microsoft.Storage/storageAccounts/storagedatosetl","Azure Protg","/subscriptions/b428f40f-25ce-4000-b888-b850b9ffd789/resourceGroups/Extraccion-de-datos-ETL/providers/Microsoft.Storage/storageAccounts/storagedatosetl"
"b428f40f-25ce-4000-b888-b850b9ffd789","glpi-protg","vm-glpi_OsDisk_1_0d746201b9574d7d9440ec32af6c02b7","microsoft.compute/disks","","eastus","Premium_LRS","Premium","{""Environment"":""Production"",""CostCenter"":""ProTG"",""Application"":""GLPI"",""Client"":""ProTG""}","/subscriptions/b428f40f-25ce-4000-b888-b850b9ffd789/resourceGroups/GLPI-PROTG/providers/Microsoft.Compute/disks/vm-glpi_OsDisk_1_0d746201b9574d7d9440ec32af6c02b7","Azure Protg","/subscriptions/b428f40f-25ce-4000-b888-b850b9ffd789/resourceGroups/GLPI-PROTG/providers/Microsoft.Compute/disks/vm-glpi_OsDisk_1_0d746201b9574d7d9440ec32af6c02b7"
"b428f40f-25ce-4000-b888-b850b9ffd789","glpi-protg","vm-glpi","microsoft.compute/virtualmachines","","eastus","","","{""Environment"":""Production"",""CostCenter"":""ProTG"",""Application"":""GLPI"",""Client"":""ProTG""}","/subscriptions/b428f40f-25ce-4000-b888-b850b9ffd789/resourceGroups/GLPI-PROTG/providers/Microsoft.Compute/virtualMachines/VM-GLPI","Azure Protg","/subscriptions/b428f40f-25ce-4000-b888-b850b9ffd789/resourceGroups/GLPI-PROTG/providers/Microsoft.Compute/virtualMachines/VM-GLPI"
"b428f40f-25ce-4000-b888-b850b9ffd789","glpi-protg","vm-glpi558","microsoft.network/networkinterfaces","Regular","eastus","","","{""Environment"":""Production"",""CostCenter"":""ProTG"",""Application"":""GLPI"",""Client"":""ProTG""}","/subscriptions/b428f40f-25ce-4000-b888-b850b9ffd789/resourceGroups/GLPI-ProTG/providers/Microsoft.Network/networkInterfaces/vm-glpi558","Azure Protg","/subscriptions/b428f40f-25ce-4000-b888-b850b9ffd789/resourceGroups/GLPI-ProTG/providers/Microsoft.Network/networkInterfaces/vm-glpi558"
"b428f40f-25ce-4000-b888-b850b9ffd789","glpi-protg","vm-glpi-nsg","microsoft.network/networksecuritygroups","","eastus","","","{""Environment"":""Production"",""CostCenter"":""ProTG"",""Application"":""GLPI"",""Client"":""ProTG""}","/subscriptions/b428f40f-25ce-4000-b888-b850b9ffd789/resourceGroups/GLPI-ProTG/providers/Microsoft.Network/networkSecurityGroups/vm-glpi-nsg","Azure Protg","/subscriptions/b428f40f-25ce-4000-b888-b850b9ffd789/resourceGroups/GLPI-ProTG/providers/Microsoft.Network/networkSecurityGroups/vm-glpi-nsg"
"b428f40f-25ce-4000-b888-b850b9ffd789","glpi-protg","vm-glpi-ip","microsoft.network/publicipaddresses","","eastus","Standard","Regional","{""Environment"":""Production"",""CostCenter"":""ProTG"",""Application"":""GLPI"",""Client"":""ProTG""}","/subscriptions/b428f40f-25ce-4000-b888-b850b9ffd789/resourceGroups/GLPI-ProTG/providers/Microsoft.Network/publicIPAddresses/vm-glpi-ip","Azure Protg","/subscriptions/b428f40f-25ce-4000-b888-b850b9ffd789/resourceGroups/GLPI-ProTG/providers/Microsoft.Network/publicIPAddresses/vm-glpi-ip"
"b428f40f-25ce-4000-b888-b850b9ffd789","glpi-protg","vm-glpi-vnet","microsoft.network/virtualnetworks","","eastus","","","{""Environment"":""Production"",""CostCenter"":""ProTG"",""Application"":""GLPI"",""Client"":""ProTG""}","/subscriptions/b428f40f-25ce-4000-b888-b850b9ffd789/resourceGroups/GLPI-ProTG/providers/Microsoft.Network/virtualNetworks/vm-glpi-vnet","Azure Protg","/subscriptions/b428f40f-25ce-4000-b888-b850b9ffd789/resourceGroups/GLPI-ProTG/providers/Microsoft.Network/virtualNetworks/vm-glpi-vnet"
"b428f40f-25ce-4000-b888-b850b9ffd789","networkwatcherrg","NetworkWatcher_eastus","microsoft.network/networkwatchers","","eastus","","","","/subscriptions/b428f40f-25ce-4000-b888-b850b9ffd789/resourceGroups/NetworkWatcherRG/providers/Microsoft.Network/networkWatchers/NetworkWatcher_eastus","Azure Protg","/subscriptions/b428f40f-25ce-4000-b888-b850b9ffd789/resourceGroups/NetworkWatcherRG/providers/Microsoft.Network/networkWatchers/NetworkWatcher_eastus"
"720bb4fd-9e4d-4525-95e6-3f6dfcfc6c78","ai_osticket-wapp-insight_0785bd01-1b07-4315-8c52-0ade30310c05_managed","managed-osTicket-wapp-Insight-ws","microsoft.operationalinsights/workspaces","","southcentralus","","","{}","/subscriptions/720bb4fd-9e4d-4525-95e6-3f6dfcfc6c78/resourceGroups/ai_osticket-wapp-insight_0785bd01-1b07-4315-8c52-0ade30310c05_managed/providers/microsoft.operationalinsights/workspaces/managed-osTicket-wapp-Insight-ws","Microsoft Azure","/subscriptions/720bb4fd-9e4d-4525-95e6-3f6dfcfc6c78/resourceGroups/ai_osticket-wapp-insight_0785bd01-1b07-4315-8c52-0ade30310c05_managed/providers/microsoft.operationalinsights/workspaces/managed-osTicket-wapp-Insight-ws"
"720bb4fd-9e4d-4525-95e6-3f6dfcfc6c78","azureapp-auto-alerts-4c9b2d-francisco_caudillo_grupoprotg_com","azureapp-auto","microsoft.insights/actiongroups","","global","","","","/subscriptions/720bb4fd-9e4d-4525-95e6-3f6dfcfc6c78/resourceGroups/azureapp-auto-alerts-4c9b2d-francisco_caudillo_grupoprotg_com/providers/Microsoft.Insights/actiongroups/azureapp-auto","Microsoft Azure","/subscriptions/720bb4fd-9e4d-4525-95e6-3f6dfcfc6c78/resourceGroups/azureapp-auto-alerts-4c9b2d-francisco_caudillo_grupoprotg_com/providers/Microsoft.Insights/actiongroups/azureapp-auto"
"720bb4fd-9e4d-4525-95e6-3f6dfcfc6c78","azureapp-auto-alerts-4c9b2d-francisco_caudillo_grupoprotg_com","Problema de Service Health en 'Microsoft Azure'","microsoft.insights/activitylogalerts","","global","","","","/subscriptions/720bb4fd-9e4d-4525-95e6-3f6dfcfc6c78/resourceGroups/azureapp-auto-alerts-4c9b2d-francisco_caudillo_grupoprotg_com/providers/Microsoft.Insights/activityLogAlerts/Problema de Service Health en 'Microsoft Azure'","Microsoft Azure","/subscriptions/720bb4fd-9e4d-4525-95e6-3f6dfcfc6c78/resourceGroups/azureapp-auto-alerts-4c9b2d-francisco_caudillo_grupoprotg_com/providers/Microsoft.Insights/activityLogAlerts/Problema de Service Health en 'Microsoft Azure'"
"720bb4fd-9e4d-4525-95e6-3f6dfcfc6c78","azurebackuprg_southcentralus_1","AzureBackup_vmContpaq_17593741109035","microsoft.compute/restorepointcollections","","southcentralus","","","","/subscriptions/720bb4fd-9e4d-4525-95e6-3f6dfcfc6c78/resourceGroups/AzureBackupRG_southcentralus_1/providers/Microsoft.Compute/restorePointCollections/AzureBackup_vmContpaq_17593741109035","Microsoft Azure","/subscriptions/720bb4fd-9e4d-4525-95e6-3f6dfcfc6c78/resourceGroups/AzureBackupRG_southcentralus_1/providers/Microsoft.Compute/restorePointCollections/AzureBackup_vmContpaq_17593741109035"
"720bb4fd-9e4d-4525-95e6-3f6dfcfc6c78","azurebackuprg_southcentralus_1","AzureBackup_vmDataBaseptg_17592419746049","microsoft.compute/restorepointcollections","","southcentralus","","","","/subscriptions/720bb4fd-9e4d-4525-95e6-3f6dfcfc6c78/resourceGroups/AzureBackupRG_southcentralus_1/providers/Microsoft.Compute/restorePointCollections/AzureBackup_vmDataBaseptg_17592419746049","Microsoft Azure","/subscriptions/720bb4fd-9e4d-4525-95e6-3f6dfcfc6c78/resourceGroups/AzureBackupRG_southcentralus_1/providers/Microsoft.Compute/restorePointCollections/AzureBackup_vmDataBaseptg_17592419746049"
"720bb4fd-9e4d-4525-95e6-3f6dfcfc6c78","cloud-shell-storage-southcentralus","cs710033fff961dc971","microsoft.storage/storageaccounts","StorageV2","southcentralus","Standard_LRS","Standard","{""ms-resource-usage"":""azure-cloud-shell""}","/subscriptions/720bb4fd-9e4d-4525-95e6-3f6dfcfc6c78/resourceGroups/cloud-shell-storage-southcentralus/providers/Microsoft.Storage/storageAccounts/cs710033fff961dc971","Microsoft Azure","/subscriptions/720bb4fd-9e4d-4525-95e6-3f6dfcfc6c78/resourceGroups/cloud-shell-storage-southcentralus/providers/Microsoft.Storage/storageAccounts/cs710033fff961dc971"
"720bb4fd-9e4d-4525-95e6-3f6dfcfc6c78","cloud-shell-storage-southcentralus","cs7720bb4fd9e4dx4525x95e","microsoft.storage/storageaccounts","Storage","southcentralus","Standard_LRS","Standard","{""ms-resource-usage"":""azure-cloud-shell""}","/subscriptions/720bb4fd-9e4d-4525-95e6-3f6dfcfc6c78/resourceGroups/cloud-shell-storage-southcentralus/providers/Microsoft.Storage/storageAccounts/cs7720bb4fd9e4dx4525x95e","Microsoft Azure","/subscriptions/720bb4fd-9e4d-4525-95e6-3f6dfcfc6c78/resourceGroups/cloud-shell-storage-southcentralus/providers/Microsoft.Storage/storageAccounts/cs7720bb4fd9e4dx4525x95e"
"720bb4fd-9e4d-4525-95e6-3f6dfcfc6c78","default-activitylogalerts","Avisos BD","microsoft.insights/actiongroups","","global","","","","/subscriptions/720bb4fd-9e4d-4525-95e6-3f6dfcfc6c78/resourceGroups/Default-ActivityLogAlerts/providers/microsoft.insights/actiongroups/Avisos BD","Microsoft Azure","/subscriptions/720bb4fd-9e4d-4525-95e6-3f6dfcfc6c78/resourceGroups/Default-ActivityLogAlerts/providers/microsoft.insights/actiongroups/Avisos BD"
"720bb4fd-9e4d-4525-95e6-3f6dfcfc6c78","default-activitylogalerts","enviar correo rc","microsoft.insights/actiongroups","","global","","","","/subscriptions/720bb4fd-9e4d-4525-95e6-3f6dfcfc6c78/resourceGroups/Default-ActivityLogAlerts/providers/microsoft.insights/actiongroups/Enviar Correo RC","Microsoft Azure","/subscriptions/720bb4fd-9e4d-4525-95e6-3f6dfcfc6c78/resourceGroups/Default-ActivityLogAlerts/providers/microsoft.insights/actiongroups/Enviar Correo RC"
"720bb4fd-9e4d-4525-95e6-3f6dfcfc6c78","defaultresourcegroup-eus","DefaultWorkspace-720bb4fd-9e4d-4525-95e6-3f6dfcfc6c78-EUS","microsoft.operationalinsights/workspaces","","eastus","","","","/subscriptions/720bb4fd-9e4d-4525-95e6-3f6dfcfc6c78/resourceGroups/DefaultResourceGroup-EUS/providers/Microsoft.OperationalInsights/workspaces/DefaultWorkspace-720bb4fd-9e4d-4525-95e6-3f6dfcfc6c78-EUS","Microsoft Azure","/subscriptions/720bb4fd-9e4d-4525-95e6-3f6dfcfc6c78/resourceGroups/DefaultResourceGroup-EUS/providers/Microsoft.OperationalInsights/workspaces/DefaultWorkspace-720bb4fd-9e4d-4525-95e6-3f6dfcfc6c78-EUS"
"720bb4fd-9e4d-4525-95e6-3f6dfcfc6c78","defaultresourcegroup-eus","InfrastructureInsights(DefaultWorkspace-720bb4fd-9e4d-4525-95e6-3f6dfcfc6c78-EUS)","microsoft.operationsmanagement/solutions","","eastus","","","{}","/subscriptions/720bb4fd-9e4d-4525-95e6-3f6dfcfc6c78/resourceGroups/defaultresourcegroup-eus/providers/Microsoft.OperationsManagement/solutions/InfrastructureInsights(defaultworkspace-720bb4fd-9e4d-4525-95e6-3f6dfcfc6c78-eus)","Microsoft Azure","/subscriptions/720bb4fd-9e4d-4525-95e6-3f6dfcfc6c78/resourceGroups/defaultresourcegroup-eus/providers/Microsoft.OperationsManagement/solutions/InfrastructureInsights(defaultworkspace-720bb4fd-9e4d-4525-95e6-3f6dfcfc6c78-eus)"
"720bb4fd-9e4d-4525-95e6-3f6dfcfc6c78","defaultresourcegroup-eus","SecurityCenterFree(DefaultWorkspace-720bb4fd-9e4d-4525-95e6-3f6dfcfc6c78-EUS)","microsoft.operationsmanagement/solutions","","eastus","","","{}","/subscriptions/720bb4fd-9e4d-4525-95e6-3f6dfcfc6c78/resourceGroups/defaultresourcegroup-eus/providers/Microsoft.OperationsManagement/solutions/SecurityCenterFree(DefaultWorkspace-720bb4fd-9e4d-4525-95e6-3f6dfcfc6c78-EUS)","Microsoft Azure","/subscriptions/720bb4fd-9e4d-4525-95e6-3f6dfcfc6c78/resourceGroups/defaultresourcegroup-eus/providers/Microsoft.OperationsManagement/solutions/SecurityCenterFree(DefaultWorkspace-720bb4fd-9e4d-4525-95e6-3f6dfcfc6c78-EUS)"
"720bb4fd-9e4d-4525-95e6-3f6dfcfc6c78","defaultresourcegroup-eus","ServiceMap(DefaultWorkspace-720bb4fd-9e4d-4525-95e6-3f6dfcfc6c78-EUS)","microsoft.operationsmanagement/solutions","","eastus","","","{}","/subscriptions/720bb4fd-9e4d-4525-95e6-3f6dfcfc6c78/resourceGroups/defaultresourcegroup-eus/providers/Microsoft.OperationsManagement/solutions/ServiceMap(defaultworkspace-720bb4fd-9e4d-4525-95e6-3f6dfcfc6c78-eus)","Microsoft Azure","/subscriptions/720bb4fd-9e4d-4525-95e6-3f6dfcfc6c78/resourceGroups/defaultresourcegroup-eus/providers/Microsoft.OperationsManagement/solutions/ServiceMap(defaultworkspace-720bb4fd-9e4d-4525-95e6-3f6dfcfc6c78-eus)"
"720bb4fd-9e4d-4525-95e6-3f6dfcfc6c78","defaultresourcegroup-scus","DefaultWorkspace-720bb4fd-9e4d-4525-95e6-3f6dfcfc6c78-SCUS","microsoft.operationalinsights/workspaces","","southcentralus","","","","/subscriptions/720bb4fd-9e4d-4525-95e6-3f6dfcfc6c78/resourceGroups/DefaultResourceGroup-SCUS/providers/Microsoft.OperationalInsights/workspaces/DefaultWorkspace-720bb4fd-9e4d-4525-95e6-3f6dfcfc6c78-SCUS","Microsoft Azure","/subscriptions/720bb4fd-9e4d-4525-95e6-3f6dfcfc6c78/resourceGroups/DefaultResourceGroup-SCUS/providers/Microsoft.OperationalInsights/workspaces/DefaultWorkspace-720bb4fd-9e4d-4525-95e6-3f6dfcfc6c78-SCUS"
"720bb4fd-9e4d-4525-95e6-3f6dfcfc6c78","defaultresourcegroup-scus","SecurityCenterFree(DefaultWorkspace-720bb4fd-9e4d-4525-95e6-3f6dfcfc6c78-SCUS)","microsoft.operationsmanagement/solutions","","southcentralus","","","{}","/subscriptions/720bb4fd-9e4d-4525-95e6-3f6dfcfc6c78/resourceGroups/defaultresourcegroup-scus/providers/Microsoft.OperationsManagement/solutions/SecurityCenterFree(DefaultWorkspace-720bb4fd-9e4d-4525-95e6-3f6dfcfc6c78-SCUS)","Microsoft Azure","/subscriptions/720bb4fd-9e4d-4525-95e6-3f6dfcfc6c78/resourceGroups/defaultresourcegroup-scus/providers/Microsoft.OperationsManagement/solutions/SecurityCenterFree(DefaultWorkspace-720bb4fd-9e4d-4525-95e6-3f6dfcfc6c78-SCUS)"
"720bb4fd-9e4d-4525-95e6-3f6dfcfc6c78","gprotgautomation","gProtGAutommationAccount","microsoft.automation/automationaccounts","","eastus2","","","{""StartStopVMVersion"":""1.0.0.0""}","/subscriptions/720bb4fd-9e4d-4525-95e6-3f6dfcfc6c78/resourceGroups/gProtGAutomation/providers/Microsoft.Automation/automationAccounts/gProtGAutommationAccount","Microsoft Azure","/subscriptions/720bb4fd-9e4d-4525-95e6-3f6dfcfc6c78/resourceGroups/gProtGAutomation/providers/Microsoft.Automation/automationAccounts/gProtGAutommationAccount"
"720bb4fd-9e4d-4525-95e6-3f6dfcfc6c78","gprotgautomation","AutoStop_CreateAlert_Child","microsoft.automation/automationaccounts/runbooks","","eastus2","","","{""version"":""1.0.0.0""}","/subscriptions/720bb4fd-9e4d-4525-95e6-3f6dfcfc6c78/resourceGroups/gProtGAutomation/providers/Microsoft.Automation/automationAccounts/gProtGAutommationAccount/runbooks/AutoStop_CreateAlert_Child","Microsoft Azure","/subscriptions/720bb4fd-9e4d-4525-95e6-3f6dfcfc6c78/resourceGroups/gProtGAutomation/providers/Microsoft.Automation/automationAccounts/gProtGAutommationAccount/runbooks/AutoStop_CreateAlert_Child"
"720bb4fd-9e4d-4525-95e6-3f6dfcfc6c78","gprotgautomation","AutoStop_CreateAlert_Parent","microsoft.automation/automationaccounts/runbooks","","eastus2","","","{""version"":""1.0.0.0""}","/subscriptions/720bb4fd-9e4d-4525-95e6-3f6dfcfc6c78/resourceGroups/gProtGAutomation/providers/Microsoft.Automation/automationAccounts/gProtGAutommationAccount/runbooks/AutoStop_CreateAlert_Parent","Microsoft Azure","/subscriptions/720bb4fd-9e4d-4525-95e6-3f6dfcfc6c78/resourceGroups/gProtGAutomation/providers/Microsoft.Automation/automationAccounts/gProtGAutommationAccount/runbooks/AutoStop_CreateAlert_Parent"
"720bb4fd-9e4d-4525-95e6-3f6dfcfc6c78","gprotgautomation","AutoStop_Disable","microsoft.automation/automationaccounts/runbooks","","eastus2","","","{""version"":""1.0.0.0""}","/subscriptions/720bb4fd-9e4d-4525-95e6-3f6dfcfc6c78/resourceGroups/gProtGAutomation/providers/Microsoft.Automation/automationAccounts/gProtGAutommationAccount/runbooks/AutoStop_Disable","Microsoft Azure","/subscriptions/720bb4fd-9e4d-4525-95e6-3f6dfcfc6c78/resourceGroups/gProtGAutomation/providers/Microsoft.Automation/automationAccounts/gProtGAutommationAccount/runbooks/AutoStop_Disable"
"720bb4fd-9e4d-4525-95e6-3f6dfcfc6c78","gprotgautomation","AutoStop_VM_Child","microsoft.automation/automationaccounts/runbooks","","eastus2","","","{""version"":""1.0.0.0""}","/subscriptions/720bb4fd-9e4d-4525-95e6-3f6dfcfc6c78/resourceGroups/gProtGAutomation/providers/Microsoft.Automation/automationAccounts/gProtGAutommationAccount/runbooks/AutoStop_VM_Child","Microsoft Azure","/subscriptions/720bb4fd-9e4d-4525-95e6-3f6dfcfc6c78/resourceGroups/gProtGAutomation/providers/Microsoft.Automation/automationAccounts/gProtGAutommationAccount/runbooks/AutoStop_VM_Child"
"720bb4fd-9e4d-4525-95e6-3f6dfcfc6c78","gprotgautomation","AzureAutomationTutorial","microsoft.automation/automationaccounts/runbooks","","eastus2","","","{}","/subscriptions/720bb4fd-9e4d-4525-95e6-3f6dfcfc6c78/resourceGroups/gProtGAutomation/providers/Microsoft.Automation/automationAccounts/gProtGAutommationAccount/runbooks/AzureAutomationTutorial","Microsoft Azure","/subscriptions/720bb4fd-9e4d-4525-95e6-3f6dfcfc6c78/resourceGroups/gProtGAutomation/providers/Microsoft.Automation/automationAccounts/gProtGAutommationAccount/runbooks/AzureAutomationTutorial"
"720bb4fd-9e4d-4525-95e6-3f6dfcfc6c78","gprotgautomation","AzureAutomationTutorialPython2","microsoft.automation/automationaccounts/runbooks","","eastus2","","","{}","/subscriptions/720bb4fd-9e4d-4525-95e6-3f6dfcfc6c78/resourceGroups/gProtGAutomation/providers/Microsoft.Automation/automationAccounts/gProtGAutommationAccount/runbooks/AzureAutomationTutorialPython2","Microsoft Azure","/subscriptions/720bb4fd-9e4d-4525-95e6-3f6dfcfc6c78/resourceGroups/gProtGAutomation/providers/Microsoft.Automation/automationAccounts/gProtGAutommationAccount/runbooks/AzureAutomationTutorialPython2"
"720bb4fd-9e4d-4525-95e6-3f6dfcfc6c78","gprotgautomation","AzureAutomationTutorialScript","microsoft.automation/automationaccounts/runbooks","","eastus2","","","{}","/subscriptions/720bb4fd-9e4d-4525-95e6-3f6dfcfc6c78/resourceGroups/gProtGAutomation/providers/Microsoft.Automation/automationAccounts/gProtGAutommationAccount/runbooks/AzureAutomationTutorialScript","Microsoft Azure","/subscriptions/720bb4fd-9e4d-4525-95e6-3f6dfcfc6c78/resourceGroups/gProtGAutomation/providers/Microsoft.Automation/automationAccounts/gProtGAutommationAccount/runbooks/AzureAutomationTutorialScript"
"720bb4fd-9e4d-4525-95e6-3f6dfcfc6c78","gprotgautomation","Bootstrap_Main","microsoft.automation/automationaccounts/runbooks","","eastus2","","","{""version"":""1.0.0.0""}","/subscriptions/720bb4fd-9e4d-4525-95e6-3f6dfcfc6c78/resourceGroups/gProtGAutomation/providers/Microsoft.Automation/automationAccounts/gProtGAutommationAccount/runbooks/Bootstrap_Main","Microsoft Azure","/subscriptions/720bb4fd-9e4d-4525-95e6-3f6dfcfc6c78/resourceGroups/gProtGAutomation/providers/Microsoft.Automation/automationAccounts/gProtGAutommationAccount/runbooks/Bootstrap_Main"
"720bb4fd-9e4d-4525-95e6-3f6dfcfc6c78","gprotgautomation","ScheduledStartStop_Base_Classic","microsoft.automation/automationaccounts/runbooks","","eastus2","","","{""version"":""1.0.0.0""}","/subscriptions/720bb4fd-9e4d-4525-95e6-3f6dfcfc6c78/resourceGroups/gProtGAutomation/providers/Microsoft.Automation/automationAccounts/gProtGAutommationAccount/runbooks/ScheduledStartStop_Base_Classic","Microsoft Azure","/subscriptions/720bb4fd-9e4d-4525-95e6-3f6dfcfc6c78/resourceGroups/gProtGAutomation/providers/Microsoft.Automation/automationAccounts/gProtGAutommationAccount/runbooks/ScheduledStartStop_Base_Classic"
"720bb4fd-9e4d-4525-95e6-3f6dfcfc6c78","gprotgautomation","ScheduledStartStop_Child","microsoft.automation/automationaccounts/runbooks","","eastus2","","","{""version"":""1.0.0.0""}","/subscriptions/720bb4fd-9e4d-4525-95e6-3f6dfcfc6c78/resourceGroups/gProtGAutomation/providers/Microsoft.Automation/automationAccounts/gProtGAutommationAccount/runbooks/ScheduledStartStop_Child","Microsoft Azure","/subscriptions/720bb4fd-9e4d-4525-95e6-3f6dfcfc6c78/resourceGroups/gProtGAutomation/providers/Microsoft.Automation/automationAccounts/gProtGAutommationAccount/runbooks/ScheduledStartStop_Child"
"720bb4fd-9e4d-4525-95e6-3f6dfcfc6c78","gprotgautomation","ScheduledStartStop_Child_Classic","microsoft.automation/automationaccounts/runbooks","","eastus2","","","{""version"":""1.0.0.0""}","/subscriptions/720bb4fd-9e4d-4525-95e6-3f6dfcfc6c78/resourceGroups/gProtGAutomation/providers/Microsoft.Automation/automationAccounts/gProtGAutommationAccount/runbooks/ScheduledStartStop_Child_Classic","Microsoft Azure","/subscriptions/720bb4fd-9e4d-4525-95e6-3f6dfcfc6c78/resourceGroups/gProtGAutomation/providers/Microsoft.Automation/automationAccounts/gProtGAutommationAccount/runbooks/ScheduledStartStop_Child_Classic"
"720bb4fd-9e4d-4525-95e6-3f6dfcfc6c78","gprotgautomation","ScheduledStartStop_Parent","microsoft.automation/automationaccounts/runbooks","","eastus2","","","{""version"":""1.0.0.0""}","/subscriptions/720bb4fd-9e4d-4525-95e6-3f6dfcfc6c78/resourceGroups/gProtGAutomation/providers/Microsoft.Automation/automationAccounts/gProtGAutommationAccount/runbooks/ScheduledStartStop_Parent","Microsoft Azure","/subscriptions/720bb4fd-9e4d-4525-95e6-3f6dfcfc6c78/resourceGroups/gProtGAutomation/providers/Microsoft.Automation/automationAccounts/gProtGAutommationAccount/runbooks/ScheduledStartStop_Parent"
"720bb4fd-9e4d-4525-95e6-3f6dfcfc6c78","gprotgautomation","SequencedStartStop_Parent","microsoft.automation/automationaccounts/runbooks","","eastus2","","","{""version"":""1.0.0.0""}","/subscriptions/720bb4fd-9e4d-4525-95e6-3f6dfcfc6c78/resourceGroups/gProtGAutomation/providers/Microsoft.Automation/automationAccounts/gProtGAutommationAccount/runbooks/SequencedStartStop_Parent","Microsoft Azure","/subscriptions/720bb4fd-9e4d-4525-95e6-3f6dfcfc6c78/resourceGroups/gProtGAutomation/providers/Microsoft.Automation/automationAccounts/gProtGAutommationAccount/runbooks/SequencedStartStop_Parent"
"720bb4fd-9e4d-4525-95e6-3f6dfcfc6c78","gprotgautomation","StartStop_VM_Notification","microsoft.insights/actiongroups","","global","","","","/subscriptions/720bb4fd-9e4d-4525-95e6-3f6dfcfc6c78/resourceGroups/gProtGAutomation/providers/Microsoft.Insights/actiongroups/StartStop_VM_Notification","Microsoft Azure","/subscriptions/720bb4fd-9e4d-4525-95e6-3f6dfcfc6c78/resourceGroups/gProtGAutomation/providers/Microsoft.Insights/actiongroups/StartStop_VM_Notification"
"720bb4fd-9e4d-4525-95e6-3f6dfcfc6c78","gprotgautomation","gProtGAutomationOMS","microsoft.operationalinsights/workspaces","","eastus","","","","/subscriptions/720bb4fd-9e4d-4525-95e6-3f6dfcfc6c78/resourceGroups/gProtGAutomation/providers/Microsoft.OperationalInsights/workspaces/gProtGAutomationOMS","Microsoft Azure","/subscriptions/720bb4fd-9e4d-4525-95e6-3f6dfcfc6c78/resourceGroups/gProtGAutomation/providers/Microsoft.OperationalInsights/workspaces/gProtGAutomationOMS"
"720bb4fd-9e4d-4525-95e6-3f6dfcfc6c78","gprotgautomation","SecurityCenterFree(gProtGAutomationOMS)","microsoft.operationsmanagement/solutions","","eastus","","","{}","/subscriptions/720bb4fd-9e4d-4525-95e6-3f6dfcfc6c78/resourceGroups/gprotgautomation/providers/Microsoft.OperationsManagement/solutions/SecurityCenterFree(gProtGAutomationOMS)","Microsoft Azure","/subscriptions/720bb4fd-9e4d-4525-95e6-3f6dfcfc6c78/resourceGroups/gprotgautomation/providers/Microsoft.OperationsManagement/solutions/SecurityCenterFree(gProtGAutomationOMS)"
"720bb4fd-9e4d-4525-95e6-3f6dfcfc6c78","gprotgautomation","Start-Stop-VM[gProtGAutomationOMS]","microsoft.operationsmanagement/solutions","","eastus","","","{}","/subscriptions/720bb4fd-9e4d-4525-95e6-3f6dfcfc6c78/resourceGroups/gProtGAutomation/providers/Microsoft.OperationsManagement/solutions/Start-Stop-VM[gProtGAutomationOMS]","Microsoft Azure","/subscriptions/720bb4fd-9e4d-4525-95e6-3f6dfcfc6c78/resourceGroups/gProtGAutomation/providers/Microsoft.OperationsManagement/solutions/Start-Stop-VM[gProtGAutomationOMS]"
"720bb4fd-9e4d-4525-95e6-3f6dfcfc6c78","loganalyticsdefaultresources","DefaultQueryPack","microsoft.operationalinsights/querypacks","","eastus","","","{}","/subscriptions/720bb4fd-9e4d-4525-95e6-3f6dfcfc6c78/resourceGroups/LogAnalyticsDefaultResources/providers/microsoft.operationalInsights/querypacks/DefaultQueryPack","Microsoft Azure","/subscriptions/720bb4fd-9e4d-4525-95e6-3f6dfcfc6c78/resourceGroups/LogAnalyticsDefaultResources/providers/microsoft.operationalInsights/querypacks/DefaultQueryPack"
"720bb4fd-9e4d-4525-95e6-3f6dfcfc6c78","migracion-mysql-test","Migracion-Mysql-test","microsoft.datamigration/services","Cloud","southcentralus","Premium_4vCores","Premium","{}","/subscriptions/720bb4fd-9e4d-4525-95e6-3f6dfcfc6c78/resourceGroups/Migracion-MySQL-test/providers/Microsoft.DataMigration/services/Migracion-Mysql-test","Microsoft Azure","/subscriptions/720bb4fd-9e4d-4525-95e6-3f6dfcfc6c78/resourceGroups/Migracion-MySQL-test/providers/Microsoft.DataMigration/services/Migracion-Mysql-test"
"720bb4fd-9e4d-4525-95e6-3f6dfcfc6c78","migracion-mysql-test","NIC-yz756syqqj9gdkuy2q9dw7rk","microsoft.network/networkinterfaces","Regular","southcentralus","","","{""ServiceResourceId"":""/subscriptions/720bb4fd-9e4d-4525-95e6-3f6dfcfc6c78/resourceGroups/Migracion-MySQL-test/providers/Microsoft.DataMigration/services/Migracion-Mysql-test""}","/subscriptions/720bb4fd-9e4d-4525-95e6-3f6dfcfc6c78/resourceGroups/Migracion-MySQL-test/providers/Microsoft.Network/networkInterfaces/NIC-yz756syqqj9gdkuy2q9dw7rk","Microsoft Azure","/subscriptions/720bb4fd-9e4d-4525-95e6-3f6dfcfc6c78/resourceGroups/Migracion-MySQL-test/providers/Microsoft.Network/networkInterfaces/NIC-yz756syqqj9gdkuy2q9dw7rk"
"720bb4fd-9e4d-4525-95e6-3f6dfcfc6c78","migracion-mysql-test","migracion-Mysql-test","microsoft.network/virtualnetworks","","southcentralus","","","","/subscriptions/720bb4fd-9e4d-4525-95e6-3f6dfcfc6c78/resourceGroups/Migracion-MySQL-test/providers/Microsoft.Network/virtualNetworks/migracion-Mysql-test","Microsoft Azure","/subscriptions/720bb4fd-9e4d-4525-95e6-3f6dfcfc6c78/resourceGroups/Migracion-MySQL-test/providers/Microsoft.Network/virtualNetworks/migracion-Mysql-test"
"720bb4fd-9e4d-4525-95e6-3f6dfcfc6c78","migracion-mysql-test","test","microsoft.network/virtualnetworks","","westcentralus","","","","/subscriptions/720bb4fd-9e4d-4525-95e6-3f6dfcfc6c78/resourceGroups/Migracion-MySQL-test/providers/Microsoft.Network/virtualNetworks/test","Microsoft Azure","/subscriptions/720bb4fd-9e4d-4525-95e6-3f6dfcfc6c78/resourceGroups/Migracion-MySQL-test/providers/Microsoft.Network/virtualNetworks/test"
"720bb4fd-9e4d-4525-95e6-3f6dfcfc6c78","networkwatcherrg","NetworkWatcher_eastus","microsoft.network/networkwatchers","","eastus","","","","/subscriptions/720bb4fd-9e4d-4525-95e6-3f6dfcfc6c78/resourceGroups/NetworkWatcherRG/providers/Microsoft.Network/networkWatchers/NetworkWatcher_eastus","Microsoft Azure","/subscriptions/720bb4fd-9e4d-4525-95e6-3f6dfcfc6c78/resourceGroups/NetworkWatcherRG/providers/Microsoft.Network/networkWatchers/NetworkWatcher_eastus"
"720bb4fd-9e4d-4525-95e6-3f6dfcfc6c78","networkwatcherrg","NetworkWatcher_southcentralus","microsoft.network/networkwatchers","","southcentralus","","","","/subscriptions/720bb4fd-9e4d-4525-95e6-3f6dfcfc6c78/resourceGroups/NetworkWatcherRG/providers/Microsoft.Network/networkWatchers/NetworkWatcher_southcentralus","Microsoft Azure","/subscriptions/720bb4fd-9e4d-4525-95e6-3f6dfcfc6c78/resourceGroups/NetworkWatcherRG/providers/Microsoft.Network/networkWatchers/NetworkWatcher_southcentralus"
"720bb4fd-9e4d-4525-95e6-3f6dfcfc6c78","networkwatcherrg","NetworkWatcher_westcentralus","microsoft.network/networkwatchers","","westcentralus","","","","/subscriptions/720bb4fd-9e4d-4525-95e6-3f6dfcfc6c78/resourceGroups/NetworkWatcherRG/providers/Microsoft.Network/networkWatchers/NetworkWatcher_westcentralus","Microsoft Azure","/subscriptions/720bb4fd-9e4d-4525-95e6-3f6dfcfc6c78/resourceGroups/NetworkWatcherRG/providers/Microsoft.Network/networkWatchers/NetworkWatcher_westcentralus"
"720bb4fd-9e4d-4525-95e6-3f6dfcfc6c78","osticket-pruebas","Plan-OSTickets-PruebaLinux","microsoft.web/serverfarms","linux","southcentralus","F1","Free","{""Ambiente"":""Pruebas"",""Aplicación"":""Tickets""}","/subscriptions/720bb4fd-9e4d-4525-95e6-3f6dfcfc6c78/resourceGroups/osTicket-Pruebas/providers/Microsoft.Web/serverFarms/Plan-OSTickets-PruebaLinux","Microsoft Azure","/subscriptions/720bb4fd-9e4d-4525-95e6-3f6dfcfc6c78/resourceGroups/osTicket-Pruebas/providers/Microsoft.Web/serverFarms/Plan-OSTickets-PruebaLinux"
"720bb4fd-9e4d-4525-95e6-3f6dfcfc6c78","osticket-pruebas","osTickets-Pruebas-14092023","microsoft.web/sites","app,linux","southcentralus","","","{""Ambiente"":""Pruebas"",""Aplicación"":""Tickets""}","/subscriptions/720bb4fd-9e4d-4525-95e6-3f6dfcfc6c78/resourceGroups/osTicket-Pruebas/providers/Microsoft.Web/sites/osTickets-Pruebas-14092023","Microsoft Azure","/subscriptions/720bb4fd-9e4d-4525-95e6-3f6dfcfc6c78/resourceGroups/osTicket-Pruebas/providers/Microsoft.Web/sites/osTickets-Pruebas-14092023"
"720bb4fd-9e4d-4525-95e6-3f6dfcfc6c78","osticket-webapp","Failure Anomalies - OSTickets14","microsoft.alertsmanagement/smartdetectoralertrules","","global","","","{}","/subscriptions/720bb4fd-9e4d-4525-95e6-3f6dfcfc6c78/resourceGroups/osTicket-WebApp/providers/microsoft.alertsmanagement/smartDetectorAlertRules/Failure Anomalies - OSTickets14","Microsoft Azure","/subscriptions/720bb4fd-9e4d-4525-95e6-3f6dfcfc6c78/resourceGroups/osTicket-WebApp/providers/microsoft.alertsmanagement/smartDetectorAlertRules/Failure Anomalies - OSTickets14"
"720bb4fd-9e4d-4525-95e6-3f6dfcfc6c78","osticket-webapp","Failure Anomalies - OSTicketsv14","microsoft.alertsmanagement/smartdetectoralertrules","","global","","","{}","/subscriptions/720bb4fd-9e4d-4525-95e6-3f6dfcfc6c78/resourceGroups/osTicket-WebApp/providers/microsoft.alertsmanagement/smartDetectorAlertRules/Failure Anomalies - OSTicketsv14","Microsoft Azure","/subscriptions/720bb4fd-9e4d-4525-95e6-3f6dfcfc6c78/resourceGroups/osTicket-WebApp/providers/microsoft.alertsmanagement/smartDetectorAlertRules/Failure Anomalies - OSTicketsv14"
"720bb4fd-9e4d-4525-95e6-3f6dfcfc6c78","osticket-webapp","fs_osTickets_at","microsoft.compute/disks","","southcentralus","Premium_LRS","Premium","{}","/subscriptions/720bb4fd-9e4d-4525-95e6-3f6dfcfc6c78/resourceGroups/osTicket-WebApp/providers/Microsoft.Compute/disks/fs_osTickets_at","Microsoft Azure","/subscriptions/720bb4fd-9e4d-4525-95e6-3f6dfcfc6c78/resourceGroups/osTicket-WebApp/providers/Microsoft.Compute/disks/fs_osTickets_at"
"720bb4fd-9e4d-4525-95e6-3f6dfcfc6c78","osticket-webapp","respaldosstorage","microsoft.dataprotection/backupvaults","","southcentralus","","","","/subscriptions/720bb4fd-9e4d-4525-95e6-3f6dfcfc6c78/resourceGroups/osTicket-WebApp/providers/Microsoft.DataProtection/BackupVaults/respaldosstorage","Microsoft Azure","/subscriptions/720bb4fd-9e4d-4525-95e6-3f6dfcfc6c78/resourceGroups/osTicket-WebApp/providers/Microsoft.DataProtection/BackupVaults/respaldosstorage"
"720bb4fd-9e4d-4525-95e6-3f6dfcfc6c78","osticket-webapp","ostickets14v3","microsoft.dbformysql/flexibleservers","","southcentralus","Standard_D2ds_v4","GeneralPurpose","{""aplicacion"":""OSTickets""}","/subscriptions/720bb4fd-9e4d-4525-95e6-3f6dfcfc6c78/resourceGroups/osticket-webapp/providers/Microsoft.DBforMySQL/flexibleServers/ostickets14v3","Microsoft Azure","/subscriptions/720bb4fd-9e4d-4525-95e6-3f6dfcfc6c78/resourceGroups/osticket-webapp/providers/Microsoft.DBforMySQL/flexibleServers/ostickets14v3"
"720bb4fd-9e4d-4525-95e6-3f6dfcfc6c78","osticket-webapp","pruebaost20jul","microsoft.dbformysql/flexibleservers","","southcentralus","Standard_D2ds_v4","GeneralPurpose","","/subscriptions/720bb4fd-9e4d-4525-95e6-3f6dfcfc6c78/resourceGroups/osticket-webapp/providers/Microsoft.DBforMySQL/flexibleServers/pruebaost20jul","Microsoft Azure","/subscriptions/720bb4fd-9e4d-4525-95e6-3f6dfcfc6c78/resourceGroups/osticket-webapp/providers/Microsoft.DBforMySQL/flexibleServers/pruebaost20jul"
"720bb4fd-9e4d-4525-95e6-3f6dfcfc6c78","osticket-webapp","Aviso de errores","microsoft.insights/actiongroups","","global","","","","/subscriptions/720bb4fd-9e4d-4525-95e6-3f6dfcfc6c78/resourceGroups/osTicket-WebApp/providers/microsoft.insights/actiongroups/Aviso de errores","Microsoft Azure","/subscriptions/720bb4fd-9e4d-4525-95e6-3f6dfcfc6c78/resourceGroups/osTicket-WebApp/providers/microsoft.insights/actiongroups/Aviso de errores"
"720bb4fd-9e4d-4525-95e6-3f6dfcfc6c78","osticket-webapp","Migration_AG1","microsoft.insights/actiongroups","","global","","","","/subscriptions/720bb4fd-9e4d-4525-95e6-3f6dfcfc6c78/resourceGroups/osTicket-WebApp/providers/microsoft.insights/actiongroups/Migration_AG1","Microsoft Azure","/subscriptions/720bb4fd-9e4d-4525-95e6-3f6dfcfc6c78/resourceGroups/osTicket-WebApp/providers/microsoft.insights/actiongroups/Migration_AG1"
"720bb4fd-9e4d-4525-95e6-3f6dfcfc6c78","osticket-webapp","Migration_AG2","microsoft.insights/actiongroups","","global","","","","/subscriptions/720bb4fd-9e4d-4525-95e6-3f6dfcfc6c78/resourceGroups/osTicket-WebApp/providers/microsoft.insights/actiongroups/Migration_AG2","Microsoft Azure","/subscriptions/720bb4fd-9e4d-4525-95e6-3f6dfcfc6c78/resourceGroups/osTicket-WebApp/providers/microsoft.insights/actiongroups/Migration_AG2"
"720bb4fd-9e4d-4525-95e6-3f6dfcfc6c78","osticket-webapp","Validacióncpu","microsoft.insights/actiongroups","","global","","","","/subscriptions/720bb4fd-9e4d-4525-95e6-3f6dfcfc6c78/resourceGroups/osTicket-WebApp/providers/microsoft.insights/actiongroups/Validacióncpu","Microsoft Azure","/subscriptions/720bb4fd-9e4d-4525-95e6-3f6dfcfc6c78/resourceGroups/osTicket-WebApp/providers/microsoft.insights/actiongroups/Validacióncpu"
"720bb4fd-9e4d-4525-95e6-3f6dfcfc6c78","osticket-webapp","EscalarServicioOSTickets","microsoft.insights/autoscalesettings","","southcentralus","","","{}","/subscriptions/720bb4fd-9e4d-4525-95e6-3f6dfcfc6c78/resourceGroups/osTicket-WebApp/providers/microsoft.insights/autoscalesettings/EscalarServicioOSTickets","Microsoft Azure","/subscriptions/720bb4fd-9e4d-4525-95e6-3f6dfcfc6c78/resourceGroups/osTicket-WebApp/providers/microsoft.insights/autoscalesettings/EscalarServicioOSTickets"
"720bb4fd-9e4d-4525-95e6-3f6dfcfc6c78","osticket-webapp","OSTickets14","microsoft.insights/components","web","southcentralus","","","{}","/subscriptions/720bb4fd-9e4d-4525-95e6-3f6dfcfc6c78/resourceGroups/osTicket-WebApp/providers/microsoft.insights/components/OSTickets14","Microsoft Azure","/subscriptions/720bb4fd-9e4d-4525-95e6-3f6dfcfc6c78/resourceGroups/osTicket-WebApp/providers/microsoft.insights/components/OSTickets14"
"720bb4fd-9e4d-4525-95e6-3f6dfcfc6c78","osticket-webapp","OSTicketsv14","microsoft.insights/components","web","southcentralus","","","{""OSTickets"":""V14""}","/subscriptions/720bb4fd-9e4d-4525-95e6-3f6dfcfc6c78/resourceGroups/osTicket-WebApp/providers/microsoft.insights/components/OSTicketsv14","Microsoft Azure","/subscriptions/720bb4fd-9e4d-4525-95e6-3f6dfcfc6c78/resourceGroups/osTicket-WebApp/providers/microsoft.insights/components/OSTicketsv14"
"720bb4fd-9e4d-4525-95e6-3f6dfcfc6c78","osticket-webapp","SaltoLideres","microsoft.insights/components","web","southcentralus","","","{}","/subscriptions/720bb4fd-9e4d-4525-95e6-3f6dfcfc6c78/resourceGroups/osTicket-WebApp/providers/microsoft.insights/components/SaltoLideres","Microsoft Azure","/subscriptions/720bb4fd-9e4d-4525-95e6-3f6dfcfc6c78/resourceGroups/osTicket-WebApp/providers/microsoft.insights/components/SaltoLideres"
"720bb4fd-9e4d-4525-95e6-3f6dfcfc6c78","osticket-webapp","Cpu crítico","microsoft.insights/metricalerts","","global","","","{}","/subscriptions/720bb4fd-9e4d-4525-95e6-3f6dfcfc6c78/resourceGroups/osTicket-WebApp/providers/microsoft.insights/metricalerts/Cpu crítico","Microsoft Azure","/subscriptions/720bb4fd-9e4d-4525-95e6-3f6dfcfc6c78/resourceGroups/osTicket-WebApp/providers/microsoft.insights/metricalerts/Cpu crítico"
"720bb4fd-9e4d-4525-95e6-3f6dfcfc6c78","osticket-webapp","Uso excesivo CPU en BD OSTickets","microsoft.insights/metricalerts","","global","","","{}","/subscriptions/720bb4fd-9e4d-4525-95e6-3f6dfcfc6c78/resourceGroups/osTicket-WebApp/providers/microsoft.insights/metricalerts/Uso excesivo CPU en BD OSTickets","Microsoft Azure","/subscriptions/720bb4fd-9e4d-4525-95e6-3f6dfcfc6c78/resourceGroups/osTicket-WebApp/providers/microsoft.insights/metricalerts/Uso excesivo CPU en BD OSTickets"
"720bb4fd-9e4d-4525-95e6-3f6dfcfc6c78","osticket-webapp","error ostickets mayor 40","microsoft.insights/metricalerts","","global","","","{}","/subscriptions/720bb4fd-9e4d-4525-95e6-3f6dfcfc6c78/resourceGroups/osTicket-WebApp/providers/microsoft.insights/metricalerts/Error OSTickets mayor 40","Microsoft Azure","/subscriptions/720bb4fd-9e4d-4525-95e6-3f6dfcfc6c78/resourceGroups/osTicket-WebApp/providers/microsoft.insights/metricalerts/Error OSTickets mayor 40"
"720bb4fd-9e4d-4525-95e6-3f6dfcfc6c78","osticket-webapp","tickets cpu max","microsoft.insights/metricalerts","","global","","","{}","/subscriptions/720bb4fd-9e4d-4525-95e6-3f6dfcfc6c78/resourceGroups/osTicket-WebApp/providers/microsoft.insights/metricalerts/Tickets CPU MAX","Microsoft Azure","/subscriptions/720bb4fd-9e4d-4525-95e6-3f6dfcfc6c78/resourceGroups/osTicket-WebApp/providers/microsoft.insights/metricalerts/Tickets CPU MAX"
"720bb4fd-9e4d-4525-95e6-3f6dfcfc6c78","osticket-webapp","ctaosticketsbackup","microsoft.storage/storageaccounts","Storage","southcentralus","Standard_LRS","Standard","{}","/subscriptions/720bb4fd-9e4d-4525-95e6-3f6dfcfc6c78/resourceGroups/osTicket-WebApp/providers/Microsoft.Storage/storageAccounts/ctaosticketsbackup","Microsoft Azure","/subscriptions/720bb4fd-9e4d-4525-95e6-3f6dfcfc6c78/resourceGroups/osTicket-WebApp/providers/Microsoft.Storage/storageAccounts/ctaosticketsbackup"
"720bb4fd-9e4d-4525-95e6-3f6dfcfc6c78","osticket-webapp","osticketalmacenamiento","microsoft.storage/storageaccounts","StorageV2","southcentralus","Standard_LRS","Standard","{""Ambiente"":""Pruebas y Produccion"",""aplicacion"":""OSTickets""}","/subscriptions/720bb4fd-9e4d-4525-95e6-3f6dfcfc6c78/resourceGroups/osTicket-WebApp/providers/Microsoft.Storage/storageAccounts/osticketalmacenamiento","Microsoft Azure","/subscriptions/720bb4fd-9e4d-4525-95e6-3f6dfcfc6c78/resourceGroups/osTicket-WebApp/providers/Microsoft.Storage/storageAccounts/osticketalmacenamiento"
"720bb4fd-9e4d-4525-95e6-3f6dfcfc6c78","osticket-webapp","certificadossltickets2024a2025","microsoft.web/certificates","","southcentralus","","","","/subscriptions/720bb4fd-9e4d-4525-95e6-3f6dfcfc6c78/resourceGroups/osTicket-WebApp/providers/Microsoft.Web/certificates/certificadossltickets2024a2025","Microsoft Azure","/subscriptions/720bb4fd-9e4d-4525-95e6-3f6dfcfc6c78/resourceGroups/osTicket-WebApp/providers/Microsoft.Web/certificates/certificadossltickets2024a2025"
"720bb4fd-9e4d-4525-95e6-3f6dfcfc6c78","osticket-webapp","rgProtgWeb-SouthCentralUSwebspace-250415183916","microsoft.web/certificates","","southcentralus","","","","/subscriptions/720bb4fd-9e4d-4525-95e6-3f6dfcfc6c78/resourceGroups/osticket-webapp/providers/Microsoft.Web/certificates/rgProtgWeb-SouthCentralUSwebspace-250415183916","Microsoft Azure","/subscriptions/720bb4fd-9e4d-4525-95e6-3f6dfcfc6c78/resourceGroups/osticket-webapp/providers/Microsoft.Web/certificates/rgProtgWeb-SouthCentralUSwebspace-250415183916"
"720bb4fd-9e4d-4525-95e6-3f6dfcfc6c78","osticket-webapp","rgProtgWeb-SouthCentralUSwebspace-260417174944","microsoft.web/certificates","","southcentralus","","","","/subscriptions/720bb4fd-9e4d-4525-95e6-3f6dfcfc6c78/resourceGroups/osticket-webapp/providers/Microsoft.Web/certificates/rgProtgWeb-SouthCentralUSwebspace-260417174944","Microsoft Azure","/subscriptions/720bb4fd-9e4d-4525-95e6-3f6dfcfc6c78/resourceGroups/osticket-webapp/providers/Microsoft.Web/certificates/rgProtgWeb-SouthCentralUSwebspace-260417174944"
"720bb4fd-9e4d-4525-95e6-3f6dfcfc6c78","osticket-webapp","AppSrv-Pruebas","microsoft.web/serverfarms","app","southcentralus","B1","Basic","{""Ambiente"":""Pruebas""}","/subscriptions/720bb4fd-9e4d-4525-95e6-3f6dfcfc6c78/resourceGroups/osTicket-WebApp/providers/Microsoft.Web/serverFarms/AppSrv-Pruebas","Microsoft Azure","/subscriptions/720bb4fd-9e4d-4525-95e6-3f6dfcfc6c78/resourceGroups/osTicket-WebApp/providers/Microsoft.Web/serverFarms/AppSrv-Pruebas"
"720bb4fd-9e4d-4525-95e6-3f6dfcfc6c78","osticket-webapp","OSTickets14","microsoft.web/sites","app","southcentralus","","","{""hidden-link: /app-insights-resource-id"":""/subscriptions/720bb4fd-9e4d-4525-95e6-3f6dfcfc6c78/resourceGroups/rgProtgWeb/providers/microsoft.insights/components/osTicket-wapp-Insight"",""hidden-link: /app-insights-instrumentation-key"":""9862dc59-5dc3-41c1-8260-2592b1c6d5af"",""hidden-link: /app-insights-conn-string"":""InstrumentationKey=9862dc59-5dc3-41c1-8260-2592b1c6d5af;IngestionEndpoint=https://southcentralus-0.in.applicationinsights.azure.com/;LiveEndpoint=https://southcentralus.livediagnostics.monitor.azure.com/;ApplicationId=0785bd01-1b07-4315-8c52-0ade30310c05""}","/subscriptions/720bb4fd-9e4d-4525-95e6-3f6dfcfc6c78/resourceGroups/osTicket-WebApp/providers/Microsoft.Web/sites/OSTickets14","Microsoft Azure","/subscriptions/720bb4fd-9e4d-4525-95e6-3f6dfcfc6c78/resourceGroups/osTicket-WebApp/providers/Microsoft.Web/sites/OSTickets14"
"720bb4fd-9e4d-4525-95e6-3f6dfcfc6c78","osticket-webapp","PruebasOSTickets2409","microsoft.web/sites","app","southcentralus","","","","/subscriptions/720bb4fd-9e4d-4525-95e6-3f6dfcfc6c78/resourceGroups/osTicket-WebApp/providers/Microsoft.Web/sites/PruebasOSTickets2409","Microsoft Azure","/subscriptions/720bb4fd-9e4d-4525-95e6-3f6dfcfc6c78/resourceGroups/osTicket-WebApp/providers/Microsoft.Web/sites/PruebasOSTickets2409"
"720bb4fd-9e4d-4525-95e6-3f6dfcfc6c78","rgprotgprod","vmContpaq_Disco2","microsoft.compute/disks","","southcentralus","Premium_LRS","Premium","{}","/subscriptions/720bb4fd-9e4d-4525-95e6-3f6dfcfc6c78/resourceGroups/rgProtgProd/providers/Microsoft.Compute/disks/vmContpaq_Disco2","Microsoft Azure","/subscriptions/720bb4fd-9e4d-4525-95e6-3f6dfcfc6c78/resourceGroups/rgProtgProd/providers/Microsoft.Compute/disks/vmContpaq_Disco2"
"720bb4fd-9e4d-4525-95e6-3f6dfcfc6c78","rgprotgprod","vmContpaq_disk1_7192bc77544940cb9e72017aa2426cb0","microsoft.compute/disks","","southcentralus","Premium_LRS","Premium","","/subscriptions/720bb4fd-9e4d-4525-95e6-3f6dfcfc6c78/resourceGroups/RGPROTGPROD/providers/Microsoft.Compute/disks/vmContpaq_disk1_7192bc77544940cb9e72017aa2426cb0","Microsoft Azure","/subscriptions/720bb4fd-9e4d-4525-95e6-3f6dfcfc6c78/resourceGroups/RGPROTGPROD/providers/Microsoft.Compute/disks/vmContpaq_disk1_7192bc77544940cb9e72017aa2426cb0"
"720bb4fd-9e4d-4525-95e6-3f6dfcfc6c78","rgprotgprod","vmdatabaseptg-datadisk-000-20190606-225013","microsoft.compute/disks","","southcentralus","Premium_LRS","Premium","{""RSVaultBackup"":""0ffc5d85-7aaf-4828-ad4c-f7657c69be5a""}","/subscriptions/720bb4fd-9e4d-4525-95e6-3f6dfcfc6c78/resourceGroups/rgProtgProd/providers/Microsoft.Compute/disks/vmdatabaseptg-datadisk-000-20190606-225013","Microsoft Azure","/subscriptions/720bb4fd-9e4d-4525-95e6-3f6dfcfc6c78/resourceGroups/rgProtgProd/providers/Microsoft.Compute/disks/vmdatabaseptg-datadisk-000-20190606-225013"
"720bb4fd-9e4d-4525-95e6-3f6dfcfc6c78","rgprotgprod","vmdatabaseptg-datos","microsoft.compute/disks","","southcentralus","StandardSSD_LRS","Standard","{}","/subscriptions/720bb4fd-9e4d-4525-95e6-3f6dfcfc6c78/resourceGroups/rgProtgProd/providers/Microsoft.Compute/disks/vmdatabaseptg-datos","Microsoft Azure","/subscriptions/720bb4fd-9e4d-4525-95e6-3f6dfcfc6c78/resourceGroups/rgProtgProd/providers/Microsoft.Compute/disks/vmdatabaseptg-datos"
"720bb4fd-9e4d-4525-95e6-3f6dfcfc6c78","rgprotgprod","vmdatabaseptg-osdisk-20190606-225013","microsoft.compute/disks","","southcentralus","Premium_LRS","Premium","{""RSVaultBackup"":""0ffc5d85-7aaf-4828-ad4c-f7657c69be5a""}","/subscriptions/720bb4fd-9e4d-4525-95e6-3f6dfcfc6c78/resourceGroups/rgProtgProd/providers/Microsoft.Compute/disks/vmdatabaseptg-osdisk-20190606-225013","Microsoft Azure","/subscriptions/720bb4fd-9e4d-4525-95e6-3f6dfcfc6c78/resourceGroups/rgProtgProd/providers/Microsoft.Compute/disks/vmdatabaseptg-osdisk-20190606-225013"
"720bb4fd-9e4d-4525-95e6-3f6dfcfc6c78","rgprotgprod","vmContpaq","microsoft.compute/virtualmachines","","southcentralus","","","","/subscriptions/720bb4fd-9e4d-4525-95e6-3f6dfcfc6c78/resourceGroups/RGPROTGPROD/providers/Microsoft.Compute/virtualMachines/VMCONTPAQ","Microsoft Azure","/subscriptions/720bb4fd-9e4d-4525-95e6-3f6dfcfc6c78/resourceGroups/RGPROTGPROD/providers/Microsoft.Compute/virtualMachines/VMCONTPAQ"
"720bb4fd-9e4d-4525-95e6-3f6dfcfc6c78","rgprotgprod","vmDataBaseptg","microsoft.compute/virtualmachines","","southcentralus","","","","/subscriptions/720bb4fd-9e4d-4525-95e6-3f6dfcfc6c78/resourceGroups/rgProtgProd/providers/Microsoft.Compute/virtualMachines/vmDataBaseptg","Microsoft Azure","/subscriptions/720bb4fd-9e4d-4525-95e6-3f6dfcfc6c78/resourceGroups/rgProtgProd/providers/Microsoft.Compute/virtualMachines/vmDataBaseptg"
"720bb4fd-9e4d-4525-95e6-3f6dfcfc6c78","rgprotgprod","AzurePerformanceDiagnostics","microsoft.compute/virtualmachines/extensions","","southcentralus","","","","/subscriptions/720bb4fd-9e4d-4525-95e6-3f6dfcfc6c78/resourceGroups/rgProtgProd/providers/Microsoft.Compute/virtualMachines/vmDataBaseptg/extensions/AzurePerformanceDiagnostics","Microsoft Azure","/subscriptions/720bb4fd-9e4d-4525-95e6-3f6dfcfc6c78/resourceGroups/rgProtgProd/providers/Microsoft.Compute/virtualMachines/vmDataBaseptg/extensions/AzurePerformanceDiagnostics"
"720bb4fd-9e4d-4525-95e6-3f6dfcfc6c78","rgprotgprod","DependencyAgentWindows","microsoft.compute/virtualmachines/extensions","","southcentralus","","","","/subscriptions/720bb4fd-9e4d-4525-95e6-3f6dfcfc6c78/resourceGroups/rgProtgProd/providers/Microsoft.Compute/virtualMachines/vmDataBaseptg/extensions/DependencyAgentWindows","Microsoft Azure","/subscriptions/720bb4fd-9e4d-4525-95e6-3f6dfcfc6c78/resourceGroups/rgProtgProd/providers/Microsoft.Compute/virtualMachines/vmDataBaseptg/extensions/DependencyAgentWindows"
"720bb4fd-9e4d-4525-95e6-3f6dfcfc6c78","rgprotgprod","Microsoft.Insights.VMDiagnosticsSettings","microsoft.compute/virtualmachines/extensions","","southcentralus","","","","/subscriptions/720bb4fd-9e4d-4525-95e6-3f6dfcfc6c78/resourceGroups/rgProtgProd/providers/Microsoft.Compute/virtualMachines/vmDataBaseptg/extensions/Microsoft.Insights.VMDiagnosticsSettings","Microsoft Azure","/subscriptions/720bb4fd-9e4d-4525-95e6-3f6dfcfc6c78/resourceGroups/rgProtgProd/providers/Microsoft.Compute/virtualMachines/vmDataBaseptg/extensions/Microsoft.Insights.VMDiagnosticsSettings"
"720bb4fd-9e4d-4525-95e6-3f6dfcfc6c78","rgprotgprod","MicrosoftMonitoringAgent","microsoft.compute/virtualmachines/extensions","","southcentralus","","","","/subscriptions/720bb4fd-9e4d-4525-95e6-3f6dfcfc6c78/resourceGroups/RGPROTGPROD/providers/Microsoft.Compute/virtualMachines/vmContpaq/extensions/MicrosoftMonitoringAgent","Microsoft Azure","/subscriptions/720bb4fd-9e4d-4525-95e6-3f6dfcfc6c78/resourceGroups/RGPROTGPROD/providers/Microsoft.Compute/virtualMachines/vmContpaq/extensions/MicrosoftMonitoringAgent"
"720bb4fd-9e4d-4525-95e6-3f6dfcfc6c78","rgprotgprod","MicrosoftMonitoringAgent","microsoft.compute/virtualmachines/extensions","","southcentralus","","","","/subscriptions/720bb4fd-9e4d-4525-95e6-3f6dfcfc6c78/resourceGroups/RGPROTGPROD/providers/Microsoft.Compute/virtualMachines/vmDataBaseptg/extensions/MicrosoftMonitoringAgent","Microsoft Azure","/subscriptions/720bb4fd-9e4d-4525-95e6-3f6dfcfc6c78/resourceGroups/RGPROTGPROD/providers/Microsoft.Compute/virtualMachines/vmDataBaseptg/extensions/MicrosoftMonitoringAgent"
"720bb4fd-9e4d-4525-95e6-3f6dfcfc6c78","rgprotgprod","SqlIaasExtension","microsoft.compute/virtualmachines/extensions","","southcentralus","","","","/subscriptions/720bb4fd-9e4d-4525-95e6-3f6dfcfc6c78/resourceGroups/rgprotgprod/providers/Microsoft.Compute/virtualMachines/vmcontpaq/extensions/SqlIaasExtension","Microsoft Azure","/subscriptions/720bb4fd-9e4d-4525-95e6-3f6dfcfc6c78/resourceGroups/rgprotgprod/providers/Microsoft.Compute/virtualMachines/vmcontpaq/extensions/SqlIaasExtension"
"720bb4fd-9e4d-4525-95e6-3f6dfcfc6c78","rgprotgprod","dxndes24","microsoft.dbformysql/flexibleservers","","southcentralus","Standard_B1ms","Burstable","{""Ambiente"":""Pruebas y Produccion"",""Aplicación"":""DxN""}","/subscriptions/720bb4fd-9e4d-4525-95e6-3f6dfcfc6c78/resourceGroups/rgProtgProd/providers/Microsoft.DBforMySQL/flexibleServers/dxndes24","Microsoft Azure","/subscriptions/720bb4fd-9e4d-4525-95e6-3f6dfcfc6c78/resourceGroups/rgProtgProd/providers/Microsoft.DBforMySQL/flexibleServers/dxndes24"
"720bb4fd-9e4d-4525-95e6-3f6dfcfc6c78","rgprotgprod","StartStop_VM_Notification","microsoft.insights/actiongroups","","global","","","","/subscriptions/720bb4fd-9e4d-4525-95e6-3f6dfcfc6c78/resourceGroups/rgprotgprod/providers/Microsoft.Insights/actiongroups/StartStop_VM_Notification","Microsoft Azure","/subscriptions/720bb4fd-9e4d-4525-95e6-3f6dfcfc6c78/resourceGroups/rgprotgprod/providers/Microsoft.Insights/actiongroups/StartStop_VM_Notification"
"720bb4fd-9e4d-4525-95e6-3f6dfcfc6c78","rgprotgprod","AlertadePrueba","microsoft.insights/metricalerts","","global","","","{}","/subscriptions/720bb4fd-9e4d-4525-95e6-3f6dfcfc6c78/resourceGroups/rgProtgProd/providers/microsoft.insights/metricalerts/AlertadePrueba","Microsoft Azure","/subscriptions/720bb4fd-9e4d-4525-95e6-3f6dfcfc6c78/resourceGroups/rgProtgProd/providers/microsoft.insights/metricalerts/AlertadePrueba"
"720bb4fd-9e4d-4525-95e6-3f6dfcfc6c78","rgprotgprod","S2SConprotg","microsoft.network/connections","","southcentralus","","","","/subscriptions/720bb4fd-9e4d-4525-95e6-3f6dfcfc6c78/resourceGroups/rgProtgProd/providers/Microsoft.Network/connections/S2SConprotg","Microsoft Azure","/subscriptions/720bb4fd-9e4d-4525-95e6-3f6dfcfc6c78/resourceGroups/rgProtgProd/providers/Microsoft.Network/connections/S2SConprotg"
"720bb4fd-9e4d-4525-95e6-3f6dfcfc6c78","rgprotgprod","lgwgProtg","microsoft.network/localnetworkgateways","","southcentralus","","","","/subscriptions/720bb4fd-9e4d-4525-95e6-3f6dfcfc6c78/resourceGroups/rgProtgProd/providers/Microsoft.Network/localNetworkGateways/lgwgProtg","Microsoft Azure","/subscriptions/720bb4fd-9e4d-4525-95e6-3f6dfcfc6c78/resourceGroups/rgProtgProd/providers/Microsoft.Network/localNetworkGateways/lgwgProtg"
"720bb4fd-9e4d-4525-95e6-3f6dfcfc6c78","rgprotgprod","vmDataBaseptg-nic-581efda9ee3d4f51bcf211ca84d5ef1f","microsoft.network/networkinterfaces","Regular","southcentralus","","","","/subscriptions/720bb4fd-9e4d-4525-95e6-3f6dfcfc6c78/resourceGroups/rgProtgProd/providers/Microsoft.Network/networkInterfaces/vmDataBaseptg-nic-581efda9ee3d4f51bcf211ca84d5ef1f","Microsoft Azure","/subscriptions/720bb4fd-9e4d-4525-95e6-3f6dfcfc6c78/resourceGroups/rgProtgProd/providers/Microsoft.Network/networkInterfaces/vmDataBaseptg-nic-581efda9ee3d4f51bcf211ca84d5ef1f"
"720bb4fd-9e4d-4525-95e6-3f6dfcfc6c78","rgprotgprod","vmcontpaq315","microsoft.network/networkinterfaces","Regular","southcentralus","","","","/subscriptions/720bb4fd-9e4d-4525-95e6-3f6dfcfc6c78/resourceGroups/rgProtgProd/providers/Microsoft.Network/networkInterfaces/vmcontpaq315","Microsoft Azure","/subscriptions/720bb4fd-9e4d-4525-95e6-3f6dfcfc6c78/resourceGroups/rgProtgProd/providers/Microsoft.Network/networkInterfaces/vmcontpaq315"
"720bb4fd-9e4d-4525-95e6-3f6dfcfc6c78","rgprotgprod","vmClienteCont-nsg","microsoft.network/networksecuritygroups","","southcentralus","","","","/subscriptions/720bb4fd-9e4d-4525-95e6-3f6dfcfc6c78/resourceGroups/rgProtgProd/providers/Microsoft.Network/networkSecurityGroups/vmClienteCont-nsg","Microsoft Azure","/subscriptions/720bb4fd-9e4d-4525-95e6-3f6dfcfc6c78/resourceGroups/rgProtgProd/providers/Microsoft.Network/networkSecurityGroups/vmClienteCont-nsg"
"720bb4fd-9e4d-4525-95e6-3f6dfcfc6c78","rgprotgprod","vmContpaqnsg231","microsoft.network/networksecuritygroups","","southcentralus","","","","/subscriptions/720bb4fd-9e4d-4525-95e6-3f6dfcfc6c78/resourceGroups/rgProtgProd/providers/Microsoft.Network/networkSecurityGroups/vmContpaqnsg231","Microsoft Azure","/subscriptions/720bb4fd-9e4d-4525-95e6-3f6dfcfc6c78/resourceGroups/rgProtgProd/providers/Microsoft.Network/networkSecurityGroups/vmContpaqnsg231"
"720bb4fd-9e4d-4525-95e6-3f6dfcfc6c78","rgprotgprod","vmDataBase-nsg","microsoft.network/networksecuritygroups","","southcentralus","","","","/subscriptions/720bb4fd-9e4d-4525-95e6-3f6dfcfc6c78/resourceGroups/rgProtgProd/providers/Microsoft.Network/networkSecurityGroups/vmDataBase-nsg","Microsoft Azure","/subscriptions/720bb4fd-9e4d-4525-95e6-3f6dfcfc6c78/resourceGroups/rgProtgProd/providers/Microsoft.Network/networkSecurityGroups/vmDataBase-nsg"
"720bb4fd-9e4d-4525-95e6-3f6dfcfc6c78","rgprotgprod","23.101.183.161","microsoft.network/publicipaddresses","","southcentralus","Basic","Regional","","/subscriptions/720bb4fd-9e4d-4525-95e6-3f6dfcfc6c78/resourceGroups/rgProtgProd/providers/Microsoft.Network/publicIPAddresses/23.101.183.161","Microsoft Azure","/subscriptions/720bb4fd-9e4d-4525-95e6-3f6dfcfc6c78/resourceGroups/rgProtgProd/providers/Microsoft.Network/publicIPAddresses/23.101.183.161"
"720bb4fd-9e4d-4525-95e6-3f6dfcfc6c78","rgprotgprod","vmDataBaseptg-pip-643d9b4f80c148c0b6b48a554ad50d1c","microsoft.network/publicipaddresses","","southcentralus","Basic","Regional","","/subscriptions/720bb4fd-9e4d-4525-95e6-3f6dfcfc6c78/resourceGroups/rgProtgProd/providers/Microsoft.Network/publicIPAddresses/vmDataBaseptg-pip-643d9b4f80c148c0b6b48a554ad50d1c","Microsoft Azure","/subscriptions/720bb4fd-9e4d-4525-95e6-3f6dfcfc6c78/resourceGroups/rgProtgProd/providers/Microsoft.Network/publicIPAddresses/vmDataBaseptg-pip-643d9b4f80c148c0b6b48a554ad50d1c"
"720bb4fd-9e4d-4525-95e6-3f6dfcfc6c78","rgprotgprod","gProtgVirtualGateway","microsoft.network/virtualnetworkgateways","","southcentralus","","","","/subscriptions/720bb4fd-9e4d-4525-95e6-3f6dfcfc6c78/resourceGroups/rgProtgProd/providers/Microsoft.Network/virtualNetworkGateways/gProtgVirtualGateway","Microsoft Azure","/subscriptions/720bb4fd-9e4d-4525-95e6-3f6dfcfc6c78/resourceGroups/rgProtgProd/providers/Microsoft.Network/virtualNetworkGateways/gProtgVirtualGateway"
"720bb4fd-9e4d-4525-95e6-3f6dfcfc6c78","rgprotgprod","rgProtgProd-vnet","microsoft.network/virtualnetworks","","southcentralus","","","","/subscriptions/720bb4fd-9e4d-4525-95e6-3f6dfcfc6c78/resourceGroups/rgProtgProd/providers/Microsoft.Network/virtualNetworks/rgProtgProd-vnet","Microsoft Azure","/subscriptions/720bb4fd-9e4d-4525-95e6-3f6dfcfc6c78/resourceGroups/rgProtgProd/providers/Microsoft.Network/virtualNetworks/rgProtgProd-vnet"
"720bb4fd-9e4d-4525-95e6-3f6dfcfc6c78","rgprotgprod","svRecoveryGrupoProtg","microsoft.recoveryservices/vaults","","southcentralus","RS0","Standard","","/subscriptions/720bb4fd-9e4d-4525-95e6-3f6dfcfc6c78/resourceGroups/rgProtgProd/providers/Microsoft.RecoveryServices/vaults/svRecoveryGrupoProtg","Microsoft Azure","/subscriptions/720bb4fd-9e4d-4525-95e6-3f6dfcfc6c78/resourceGroups/rgProtgProd/providers/Microsoft.RecoveryServices/vaults/svRecoveryGrupoProtg"
"720bb4fd-9e4d-4525-95e6-3f6dfcfc6c78","rgprotgprod","vmcontpaq","microsoft.sqlvirtualmachine/sqlvirtualmachines","","southcentralus","","","","/subscriptions/720bb4fd-9e4d-4525-95e6-3f6dfcfc6c78/resourceGroups/rgprotgprod/providers/Microsoft.SqlVirtualMachine/SqlVirtualMachines/vmcontpaq","Microsoft Azure","/subscriptions/720bb4fd-9e4d-4525-95e6-3f6dfcfc6c78/resourceGroups/rgprotgprod/providers/Microsoft.SqlVirtualMachine/SqlVirtualMachines/vmcontpaq"
"720bb4fd-9e4d-4525-95e6-3f6dfcfc6c78","rgprotgprod","rgprotgproddiag316","microsoft.storage/storageaccounts","Storage","southcentralus","Standard_LRS","Standard","{}","/subscriptions/720bb4fd-9e4d-4525-95e6-3f6dfcfc6c78/resourceGroups/rgProtgProd/providers/Microsoft.Storage/storageAccounts/rgprotgproddiag316","Microsoft Azure","/subscriptions/720bb4fd-9e4d-4525-95e6-3f6dfcfc6c78/resourceGroups/rgProtgProd/providers/Microsoft.Storage/storageAccounts/rgprotgproddiag316"
"720bb4fd-9e4d-4525-95e6-3f6dfcfc6c78","rgprotgprod","rgprotgproddiag765","microsoft.storage/storageaccounts","Storage","southcentralus","Standard_LRS","Standard","{}","/subscriptions/720bb4fd-9e4d-4525-95e6-3f6dfcfc6c78/resourceGroups/rgProtgProd/providers/Microsoft.Storage/storageAccounts/rgprotgproddiag765","Microsoft Azure","/subscriptions/720bb4fd-9e4d-4525-95e6-3f6dfcfc6c78/resourceGroups/rgProtgProd/providers/Microsoft.Storage/storageAccounts/rgprotgproddiag765"
"720bb4fd-9e4d-4525-95e6-3f6dfcfc6c78","rgprotgprod","rgprotgprodperfdiag333","microsoft.storage/storageaccounts","StorageV2","southcentralus","Standard_LRS","Standard","{}","/subscriptions/720bb4fd-9e4d-4525-95e6-3f6dfcfc6c78/resourceGroups/rgProtgProd/providers/Microsoft.Storage/storageAccounts/rgprotgprodperfdiag333","Microsoft Azure","/subscriptions/720bb4fd-9e4d-4525-95e6-3f6dfcfc6c78/resourceGroups/rgProtgProd/providers/Microsoft.Storage/storageAccounts/rgprotgprodperfdiag333"
"720bb4fd-9e4d-4525-95e6-3f6dfcfc6c78","rgprotgprod","rgprotgprodperfdiag884","microsoft.storage/storageaccounts","StorageV2","southcentralus","Standard_LRS","Standard","{}","/subscriptions/720bb4fd-9e4d-4525-95e6-3f6dfcfc6c78/resourceGroups/rgProtgProd/providers/Microsoft.Storage/storageAccounts/rgprotgprodperfdiag884","Microsoft Azure","/subscriptions/720bb4fd-9e4d-4525-95e6-3f6dfcfc6c78/resourceGroups/rgProtgProd/providers/Microsoft.Storage/storageAccounts/rgprotgprodperfdiag884"
"720bb4fd-9e4d-4525-95e6-3f6dfcfc6c78","rgprotgprod","protg-mesaservicio","microsoft.web/certificates","","southcentralus","","","","/subscriptions/720bb4fd-9e4d-4525-95e6-3f6dfcfc6c78/resourceGroups/rgProtgProd/providers/Microsoft.Web/certificates/protg-mesaservicio","Microsoft Azure","/subscriptions/720bb4fd-9e4d-4525-95e6-3f6dfcfc6c78/resourceGroups/rgProtgProd/providers/Microsoft.Web/certificates/protg-mesaservicio"
"720bb4fd-9e4d-4525-95e6-3f6dfcfc6c78","rgprotgprod","HeskV2022","microsoft.web/sites","app","southcentralus","","","{""Ambiente"":""Produccion"",""Aplicación"":""Hesk""}","/subscriptions/720bb4fd-9e4d-4525-95e6-3f6dfcfc6c78/resourceGroups/rgProtgProd/providers/Microsoft.Web/sites/HeskV2022","Microsoft Azure","/subscriptions/720bb4fd-9e4d-4525-95e6-3f6dfcfc6c78/resourceGroups/rgProtgProd/providers/Microsoft.Web/sites/HeskV2022"
"720bb4fd-9e4d-4525-95e6-3f6dfcfc6c78","rgprotgweb","Application Insights Smart Detection","microsoft.insights/actiongroups","","global","","","","/subscriptions/720bb4fd-9e4d-4525-95e6-3f6dfcfc6c78/resourceGroups/rgProtgWeb/providers/microsoft.insights/actiongroups/Application Insights Smart Detection","Microsoft Azure","/subscriptions/720bb4fd-9e4d-4525-95e6-3f6dfcfc6c78/resourceGroups/rgProtgWeb/providers/microsoft.insights/actiongroups/Application Insights Smart Detection"
"720bb4fd-9e4d-4525-95e6-3f6dfcfc6c78","rgprotgweb","20200527clonostickets","microsoft.insights/components","web","southcentralus","","","{}","/subscriptions/720bb4fd-9e4d-4525-95e6-3f6dfcfc6c78/resourceGroups/rgProtgWeb/providers/microsoft.insights/components/20200527clonostickets","Microsoft Azure","/subscriptions/720bb4fd-9e4d-4525-95e6-3f6dfcfc6c78/resourceGroups/rgProtgWeb/providers/microsoft.insights/components/20200527clonostickets"
"720bb4fd-9e4d-4525-95e6-3f6dfcfc6c78","rgprotgweb","osTicket-wapp-Insight","microsoft.insights/components","web","southcentralus","","","{}","/subscriptions/720bb4fd-9e4d-4525-95e6-3f6dfcfc6c78/resourceGroups/rgProtgWeb/providers/microsoft.insights/components/osTicket-wapp-Insight","Microsoft Azure","/subscriptions/720bb4fd-9e4d-4525-95e6-3f6dfcfc6c78/resourceGroups/rgProtgWeb/providers/microsoft.insights/components/osTicket-wapp-Insight"
"720bb4fd-9e4d-4525-95e6-3f6dfcfc6c78","rgprotgweb","Errores 500 en web app","microsoft.insights/metricalerts","","global","","","{}","/subscriptions/720bb4fd-9e4d-4525-95e6-3f6dfcfc6c78/resourceGroups/rgProtgWeb/providers/microsoft.insights/metricalerts/Errores 500 en web app","Microsoft Azure","/subscriptions/720bb4fd-9e4d-4525-95e6-3f6dfcfc6c78/resourceGroups/rgProtgWeb/providers/microsoft.insights/metricalerts/Errores 500 en web app"
"720bb4fd-9e4d-4525-95e6-3f6dfcfc6c78","rgprotgweb","Espacio en BD supero umbral","microsoft.insights/metricalerts","","global","","","{}","/subscriptions/720bb4fd-9e4d-4525-95e6-3f6dfcfc6c78/resourceGroups/rgProtgWeb/providers/microsoft.insights/metricalerts/Espacio en BD supero umbral","Microsoft Azure","/subscriptions/720bb4fd-9e4d-4525-95e6-3f6dfcfc6c78/resourceGroups/rgProtgWeb/providers/microsoft.insights/metricalerts/Espacio en BD supero umbral"
"720bb4fd-9e4d-4525-95e6-3f6dfcfc6c78","rgprotgweb","Se encontraron 20 errores","microsoft.insights/metricalerts","","global","","","{}","/subscriptions/720bb4fd-9e4d-4525-95e6-3f6dfcfc6c78/resourceGroups/rgProtgWeb/providers/microsoft.insights/metricalerts/Se encontraron 20 errores","Microsoft Azure","/subscriptions/720bb4fd-9e4d-4525-95e6-3f6dfcfc6c78/resourceGroups/rgProtgWeb/providers/microsoft.insights/metricalerts/Se encontraron 20 errores"
"720bb4fd-9e4d-4525-95e6-3f6dfcfc6c78","rgprotgweb","ctamesahesk","microsoft.storage/storageaccounts","Storage","southcentralus","Standard_LRS","Standard","{}","/subscriptions/720bb4fd-9e4d-4525-95e6-3f6dfcfc6c78/resourceGroups/rgProtgWeb/providers/Microsoft.Storage/storageAccounts/ctamesahesk","Microsoft Azure","/subscriptions/720bb4fd-9e4d-4525-95e6-3f6dfcfc6c78/resourceGroups/rgProtgWeb/providers/Microsoft.Storage/storageAccounts/ctamesahesk"
"720bb4fd-9e4d-4525-95e6-3f6dfcfc6c78","rgprotgweb","ctaportalprotg","microsoft.storage/storageaccounts","Storage","southcentralus","Standard_LRS","Standard","{}","/subscriptions/720bb4fd-9e4d-4525-95e6-3f6dfcfc6c78/resourceGroups/rgProtgWeb/providers/Microsoft.Storage/storageAccounts/ctaportalprotg","Microsoft Azure","/subscriptions/720bb4fd-9e4d-4525-95e6-3f6dfcfc6c78/resourceGroups/rgProtgWeb/providers/Microsoft.Storage/storageAccounts/ctaportalprotg"
"720bb4fd-9e4d-4525-95e6-3f6dfcfc6c78","rgprotgweb","FAA2E6E9223DBA57B3DBE53C17E106BA229D170A-osTicket-WebApp-SouthCentralUSwebspace","microsoft.web/certificates","","southcentralus","","","","/subscriptions/720bb4fd-9e4d-4525-95e6-3f6dfcfc6c78/resourceGroups/rgProtgWeb/providers/Microsoft.Web/certificates/FAA2E6E9223DBA57B3DBE53C17E106BA229D170A-osTicket-WebApp-SouthCentralUSwebspace","Microsoft Azure","/subscriptions/720bb4fd-9e4d-4525-95e6-3f6dfcfc6c78/resourceGroups/rgProtgWeb/providers/Microsoft.Web/certificates/FAA2E6E9223DBA57B3DBE53C17E106BA229D170A-osTicket-WebApp-SouthCentralUSwebspace"
"720bb4fd-9e4d-4525-95e6-3f6dfcfc6c78","rgprotgweb","ASP-hesk-wapp-af4f","microsoft.web/serverfarms","app","southcentralus","S1","Standard","","/subscriptions/720bb4fd-9e4d-4525-95e6-3f6dfcfc6c78/resourceGroups/rgprotgweb/providers/Microsoft.Web/serverFarms/ASP-hesk-wapp-af4f","Microsoft Azure","/subscriptions/720bb4fd-9e4d-4525-95e6-3f6dfcfc6c78/resourceGroups/rgprotgweb/providers/Microsoft.Web/serverFarms/ASP-hesk-wapp-af4f"
"720bb4fd-9e4d-4525-95e6-3f6dfcfc6c78","rgprotgweb","PlanServOSTicketHESK","microsoft.web/serverfarms","app","southcentralus","P2v2","PremiumV2","","/subscriptions/720bb4fd-9e4d-4525-95e6-3f6dfcfc6c78/resourceGroups/rgProtgWeb/providers/Microsoft.Web/serverFarms/PlanServOSTicketHESK","Microsoft Azure","/subscriptions/720bb4fd-9e4d-4525-95e6-3f6dfcfc6c78/resourceGroups/rgProtgWeb/providers/Microsoft.Web/serverFarms/PlanServOSTicketHESK"
"720bb4fd-9e4d-4525-95e6-3f6dfcfc6c78","rgprotgweb","ServicePlan8c7d6aa0-90a3","microsoft.web/serverfarms","app","centralus","B1","Basic","","/subscriptions/720bb4fd-9e4d-4525-95e6-3f6dfcfc6c78/resourceGroups/rgProtgWeb/providers/Microsoft.Web/serverFarms/ServicePlan8c7d6aa0-90a3","Microsoft Azure","/subscriptions/720bb4fd-9e4d-4525-95e6-3f6dfcfc6c78/resourceGroups/rgProtgWeb/providers/Microsoft.Web/serverFarms/ServicePlan8c7d6aa0-90a3"
"720bb4fd-9e4d-4525-95e6-3f6dfcfc6c78","rgprotgweb","hesk-wapp","microsoft.web/sites","app","southcentralus","","","","/subscriptions/720bb4fd-9e4d-4525-95e6-3f6dfcfc6c78/resourceGroups/rgProtgWeb/providers/Microsoft.Web/sites/hesk-wapp","Microsoft Azure","/subscriptions/720bb4fd-9e4d-4525-95e6-3f6dfcfc6c78/resourceGroups/rgProtgWeb/providers/Microsoft.Web/sites/hesk-wapp"
"720bb4fd-9e4d-4525-95e6-3f6dfcfc6c78","rgprotgweb","webappprotg","microsoft.web/sites","app","centralus","","","{}","/subscriptions/720bb4fd-9e4d-4525-95e6-3f6dfcfc6c78/resourceGroups/rgProtgWeb/providers/Microsoft.Web/sites/webappprotg","Microsoft Azure","/subscriptions/720bb4fd-9e4d-4525-95e6-3f6dfcfc6c78/resourceGroups/rgProtgWeb/providers/Microsoft.Web/sites/webappprotg"
"720bb4fd-9e4d-4525-95e6-3f6dfcfc6c78","rgprotgweb","webappprotgPaso","microsoft.web/sites","app","southcentralus","","","{}","/subscriptions/720bb4fd-9e4d-4525-95e6-3f6dfcfc6c78/resourceGroups/rgProtgWeb/providers/Microsoft.Web/sites/webappprotgPaso","Microsoft Azure","/subscriptions/720bb4fd-9e4d-4525-95e6-3f6dfcfc6c78/resourceGroups/rgProtgWeb/providers/Microsoft.Web/sites/webappprotgPaso"
"720bb4fd-9e4d-4525-95e6-3f6dfcfc6c78","srv-mongo_group","respaldoDesarrollo","microsoft.recoveryservices/vaults","","southcentralus","RS0","Standard","","/subscriptions/720bb4fd-9e4d-4525-95e6-3f6dfcfc6c78/resourceGroups/srv-Mongo_group/providers/Microsoft.RecoveryServices/vaults/respaldoDesarrollo","Microsoft Azure","/subscriptions/720bb4fd-9e4d-4525-95e6-3f6dfcfc6c78/resourceGroups/srv-Mongo_group/providers/Microsoft.RecoveryServices/vaults/respaldoDesarrollo"
