"subscriptionId","resourceGroup","name","type","location","totalTags","estadoEtiquetado","tagsActuales"
"b428f40f-25ce-4000-b888-b850b9ffd789","extraccion-de-datos-etl","VM-SQL-ETL","microsoft.sqlvirtualmachine/sqlvirtualmachines","eastus","4","Etiquetado medio","{""Environment"":""Production"",""Application"":""ETL"",""CostCenter"":""ProTG"",""Client"":""ProTG""}"
"b428f40f-25ce-4000-b888-b850b9ffd789","glpi-protg","vm-glpi-vnet","microsoft.network/virtualnetworks","eastus","4","Etiquetado medio","{""Environment"":""Production"",""CostCenter"":""ProTG"",""Application"":""GLPI"",""Client"":""ProTG""}"
"b428f40f-25ce-4000-b888-b850b9ffd789","extraccion-de-datos-etl","VM-SQL-ETL-ip","microsoft.network/publicipaddresses","eastus","4","Etiquetado medio","{""Environment"":""Production"",""Application"":""ETL"",""CostCenter"":""ProTG"",""Client"":""ProTG""}"
"b428f40f-25ce-4000-b888-b850b9ffd789","extraccion-de-datos-etl","vm-sql-etl931_z1","microsoft.network/networkinterfaces","eastus","4","Etiquetado medio","{""Environment"":""Production"",""Application"":""ETL"",""CostCenter"":""ProTG"",""Client"":""ProTG""}"
"b428f40f-25ce-4000-b888-b850b9ffd789","glpi-protg","vm-glpi558","microsoft.network/networkinterfaces","eastus","4","Etiquetado medio","{""Environment"":""Production"",""CostCenter"":""ProTG"",""Application"":""GLPI"",""Client"":""ProTG""}"
"b428f40f-25ce-4000-b888-b850b9ffd789","extraccion-de-datos-etl","VM-SQL-ETL-nsg","microsoft.network/networksecuritygroups","eastus","4","Etiquetado medio","{""Environment"":""Production"",""Application"":""ETL"",""CostCenter"":""ProTG"",""Client"":""ProTG""}"
"b428f40f-25ce-4000-b888-b850b9ffd789","extraccion-de-datos-etl","VM-SQL-ETL_DataDisk_1","microsoft.compute/disks","eastus","4","Etiquetado medio","{""Environment"":""Production"",""Application"":""ETL"",""CostCenter"":""ProTG"",""Client"":""ProTG""}"
"b428f40f-25ce-4000-b888-b850b9ffd789","extraccion-de-datos-etl","storagedatosetl","microsoft.storage/storageaccounts","eastus","4","Etiquetado medio","{""Environment"":""Production"",""Application"":""ETL"",""CostCenter"":""ProTG"",""Client"":""ProTG""}"
"b428f40f-25ce-4000-b888-b850b9ffd789","extraccion-de-datos-etl","VM-SQL-ETL_DataDisk_2","microsoft.compute/disks","eastus","4","Etiquetado medio","{""Environment"":""Production"",""Application"":""ETL"",""CostCenter"":""ProTG"",""Client"":""ProTG""}"
"b428f40f-25ce-4000-b888-b850b9ffd789","glpi-protg","vm-glpi-ip","microsoft.network/publicipaddresses","eastus","4","Etiquetado medio","{""Environment"":""Production"",""CostCenter"":""ProTG"",""Application"":""GLPI"",""Client"":""ProTG""}"
"b428f40f-25ce-4000-b888-b850b9ffd789","glpi-protg","vm-glpi","microsoft.compute/virtualmachines","eastus","4","Etiquetado medio","{""Environment"":""Production"",""CostCenter"":""ProTG"",""Application"":""GLPI"",""Client"":""ProTG""}"
"b428f40f-25ce-4000-b888-b850b9ffd789","extraccion-de-datos-etl","VM-SQL-ETL_OsDisk_1_ad7c1504bef549b88046449d327ba56e","microsoft.compute/disks","eastus","4","Etiquetado medio","{""Environment"":""Production"",""Application"":""ETL"",""CostCenter"":""ProTG"",""Client"":""ProTG""}"
"b428f40f-25ce-4000-b888-b850b9ffd789","extraccion-de-datos-etl","vault-mlqzlkj1","microsoft.recoveryservices/vaults","eastus","4","Etiquetado medio","{""Environment"":""Production"",""Application"":""ETL"",""CostCenter"":""ProTG"",""Client"":""ProTG""}"
"b428f40f-25ce-4000-b888-b850b9ffd789","glpi-protg","vm-glpi-nsg","microsoft.network/networksecuritygroups","eastus","4","Etiquetado medio","{""Environment"":""Production"",""CostCenter"":""ProTG"",""Application"":""GLPI"",""Client"":""ProTG""}"
"b428f40f-25ce-4000-b888-b850b9ffd789","extraccion-de-datos-etl","VM-SQL-ETL_DataDisk_0","microsoft.compute/disks","eastus","4","Etiquetado medio","{""Environment"":""Production"",""Application"":""ETL"",""CostCenter"":""ProTG"",""Client"":""ProTG""}"
"b428f40f-25ce-4000-b888-b850b9ffd789","extraccion-de-datos-etl","VM-SQL-ETL","microsoft.compute/virtualmachines","eastus","4","Etiquetado medio","{""Environment"":""Production"",""Application"":""ETL"",""CostCenter"":""ProTG"",""Client"":""ProTG""}"
"b428f40f-25ce-4000-b888-b850b9ffd789","extraccion-de-datos-etl","vnet-eastus","microsoft.network/virtualnetworks","eastus","4","Etiquetado medio","{""Environment"":""Production"",""Application"":""ETL"",""CostCenter"":""ProTG"",""Client"":""ProTG""}"
"b428f40f-25ce-4000-b888-b850b9ffd789","glpi-protg","vm-glpi_OsDisk_1_0d746201b9574d7d9440ec32af6c02b7","microsoft.compute/disks","eastus","4","Etiquetado medio","{""Environment"":""Production"",""CostCenter"":""ProTG"",""Application"":""GLPI"",""Client"":""ProTG""}"
"720bb4fd-9e4d-4525-95e6-3f6dfcfc6c78","osticket-webapp","OSTickets14","microsoft.web/sites","southcentralus","3","Etiquetado medio","{""hidden-link: /app-insights-resource-id"":""/subscriptions/720bb4fd-9e4d-4525-95e6-3f6dfcfc6c78/resourceGroups/rgProtgWeb/providers/microsoft.insights/components/osTicket-wapp-Insight"",""hidden-link: /app-insights-instrumentation-key"":""9862dc59-5dc3-41c1-8260-2592b1c6d5af"",""hidden-link: /app-insights-conn-string"":""InstrumentationKey=9862dc59-5dc3-41c1-8260-2592b1c6d5af;IngestionEndpoint=https://southcentralus-0.in.applicationinsights.azure.com/;LiveEndpoint=https://southcentralus.livediagnostics.monitor.azure.com/;ApplicationId=0785bd01-1b07-4315-8c52-0ade30310c05""}"
"720bb4fd-9e4d-4525-95e6-3f6dfcfc6c78","osticket-pruebas","osTickets-Pruebas-14092023","microsoft.web/sites","southcentralus","2","Etiquetado bajo","{""Ambiente"":""Pruebas"",""Aplicación"":""Tickets""}"
"720bb4fd-9e4d-4525-95e6-3f6dfcfc6c78","osticket-pruebas","Plan-OSTickets-PruebaLinux","microsoft.web/serverfarms","southcentralus","2","Etiquetado bajo","{""Ambiente"":""Pruebas"",""Aplicación"":""Tickets""}"
"720bb4fd-9e4d-4525-95e6-3f6dfcfc6c78","rgprotgprod","HeskV2022","microsoft.web/sites","southcentralus","2","Etiquetado bajo","{""Ambiente"":""Produccion"",""Aplicación"":""Hesk""}"
"720bb4fd-9e4d-4525-95e6-3f6dfcfc6c78","rgprotgprod","dxndes24","microsoft.dbformysql/flexibleservers","southcentralus","2","Etiquetado bajo","{""Ambiente"":""Pruebas y Produccion"",""Aplicación"":""DxN""}"
"720bb4fd-9e4d-4525-95e6-3f6dfcfc6c78","osticket-webapp","osticketalmacenamiento","microsoft.storage/storageaccounts","southcentralus","2","Etiquetado bajo","{""Ambiente"":""Pruebas y Produccion"",""aplicacion"":""OSTickets""}"
"720bb4fd-9e4d-4525-95e6-3f6dfcfc6c78","gprotgautomation","ScheduledStartStop_Base_Classic","microsoft.automation/automationaccounts/runbooks","eastus2","1","Etiquetado bajo","{""version"":""1.0.0.0""}"
"720bb4fd-9e4d-4525-95e6-3f6dfcfc6c78","osticket-webapp","AppSrv-Pruebas","microsoft.web/serverfarms","southcentralus","1","Etiquetado bajo","{""Ambiente"":""Pruebas""}"
"720bb4fd-9e4d-4525-95e6-3f6dfcfc6c78","osticket-webapp","OSTicketsv14","microsoft.insights/components","southcentralus","1","Etiquetado bajo","{""OSTickets"":""V14""}"
"720bb4fd-9e4d-4525-95e6-3f6dfcfc6c78","cloud-shell-storage-southcentralus","cs710033fff961dc971","microsoft.storage/storageaccounts","southcentralus","1","Etiquetado bajo","{""ms-resource-usage"":""azure-cloud-shell""}"
"720bb4fd-9e4d-4525-95e6-3f6dfcfc6c78","gprotgautomation","AutoStop_CreateAlert_Parent","microsoft.automation/automationaccounts/runbooks","eastus2","1","Etiquetado bajo","{""version"":""1.0.0.0""}"
"720bb4fd-9e4d-4525-95e6-3f6dfcfc6c78","migracion-mysql-test","NIC-yz756syqqj9gdkuy2q9dw7rk","microsoft.network/networkinterfaces","southcentralus","1","Etiquetado bajo","{""ServiceResourceId"":""/subscriptions/720bb4fd-9e4d-4525-95e6-3f6dfcfc6c78/resourceGroups/Migracion-MySQL-test/providers/Microsoft.DataMigration/services/Migracion-Mysql-test""}"
"720bb4fd-9e4d-4525-95e6-3f6dfcfc6c78","gprotgautomation","Bootstrap_Main","microsoft.automation/automationaccounts/runbooks","eastus2","1","Etiquetado bajo","{""version"":""1.0.0.0""}"
"720bb4fd-9e4d-4525-95e6-3f6dfcfc6c78","gprotgautomation","gProtGAutommationAccount","microsoft.automation/automationaccounts","eastus2","1","Etiquetado bajo","{""StartStopVMVersion"":""1.0.0.0""}"
"720bb4fd-9e4d-4525-95e6-3f6dfcfc6c78","gprotgautomation","AutoStop_Disable","microsoft.automation/automationaccounts/runbooks","eastus2","1","Etiquetado bajo","{""version"":""1.0.0.0""}"
"720bb4fd-9e4d-4525-95e6-3f6dfcfc6c78","gprotgautomation","ScheduledStartStop_Parent","microsoft.automation/automationaccounts/runbooks","eastus2","1","Etiquetado bajo","{""version"":""1.0.0.0""}"
"720bb4fd-9e4d-4525-95e6-3f6dfcfc6c78","rgprotgprod","vmdatabaseptg-datadisk-000-20190606-225013","microsoft.compute/disks","southcentralus","1","Etiquetado bajo","{""RSVaultBackup"":""0ffc5d85-7aaf-4828-ad4c-f7657c69be5a""}"
"720bb4fd-9e4d-4525-95e6-3f6dfcfc6c78","gprotgautomation","AutoStop_CreateAlert_Child","microsoft.automation/automationaccounts/runbooks","eastus2","1","Etiquetado bajo","{""version"":""1.0.0.0""}"
"720bb4fd-9e4d-4525-95e6-3f6dfcfc6c78","gprotgautomation","ScheduledStartStop_Child_Classic","microsoft.automation/automationaccounts/runbooks","eastus2","1","Etiquetado bajo","{""version"":""1.0.0.0""}"
"720bb4fd-9e4d-4525-95e6-3f6dfcfc6c78","rgprotgprod","vmdatabaseptg-osdisk-20190606-225013","microsoft.compute/disks","southcentralus","1","Etiquetado bajo","{""RSVaultBackup"":""0ffc5d85-7aaf-4828-ad4c-f7657c69be5a""}"
"720bb4fd-9e4d-4525-95e6-3f6dfcfc6c78","osticket-webapp","ostickets14v3","microsoft.dbformysql/flexibleservers","southcentralus","1","Etiquetado bajo","{""aplicacion"":""OSTickets""}"
"720bb4fd-9e4d-4525-95e6-3f6dfcfc6c78","gprotgautomation","ScheduledStartStop_Child","microsoft.automation/automationaccounts/runbooks","eastus2","1","Etiquetado bajo","{""version"":""1.0.0.0""}"
"720bb4fd-9e4d-4525-95e6-3f6dfcfc6c78","gprotgautomation","SequencedStartStop_Parent","microsoft.automation/automationaccounts/runbooks","eastus2","1","Etiquetado bajo","{""version"":""1.0.0.0""}"
"720bb4fd-9e4d-4525-95e6-3f6dfcfc6c78","gprotgautomation","AutoStop_VM_Child","microsoft.automation/automationaccounts/runbooks","eastus2","1","Etiquetado bajo","{""version"":""1.0.0.0""}"
"720bb4fd-9e4d-4525-95e6-3f6dfcfc6c78","cloud-shell-storage-southcentralus","cs7720bb4fd9e4dx4525x95e","microsoft.storage/storageaccounts","southcentralus","1","Etiquetado bajo","{""ms-resource-usage"":""azure-cloud-shell""}"
"720bb4fd-9e4d-4525-95e6-3f6dfcfc6c78","osticket-webapp","Uso excesivo CPU en BD OSTickets","microsoft.insights/metricalerts","global","0","Sin etiquetas","{}"
"720bb4fd-9e4d-4525-95e6-3f6dfcfc6c78","defaultresourcegroup-eus","ServiceMap(DefaultWorkspace-720bb4fd-9e4d-4525-95e6-3f6dfcfc6c78-EUS)","microsoft.operationsmanagement/solutions","eastus","0","Sin etiquetas","{}"
"720bb4fd-9e4d-4525-95e6-3f6dfcfc6c78","osticket-webapp","Cpu crítico","microsoft.insights/metricalerts","global","0","Sin etiquetas","{}"
"720bb4fd-9e4d-4525-95e6-3f6dfcfc6c78","rgprotgweb","webappprotg","microsoft.web/sites","centralus","0","Sin etiquetas","{}"
"720bb4fd-9e4d-4525-95e6-3f6dfcfc6c78","defaultresourcegroup-eus","InfrastructureInsights(DefaultWorkspace-720bb4fd-9e4d-4525-95e6-3f6dfcfc6c78-EUS)","microsoft.operationsmanagement/solutions","eastus","0","Sin etiquetas","{}"
"720bb4fd-9e4d-4525-95e6-3f6dfcfc6c78","rgprotgweb","Errores 500 en web app","microsoft.insights/metricalerts","global","0","Sin etiquetas","{}"
"720bb4fd-9e4d-4525-95e6-3f6dfcfc6c78","rgprotgweb","osTicket-wapp-Insight","microsoft.insights/components","southcentralus","0","Sin etiquetas","{}"
"720bb4fd-9e4d-4525-95e6-3f6dfcfc6c78","gprotgautomation","Start-Stop-VM[gProtGAutomationOMS]","microsoft.operationsmanagement/solutions","eastus","0","Sin etiquetas","{}"
"720bb4fd-9e4d-4525-95e6-3f6dfcfc6c78","osticket-webapp","EscalarServicioOSTickets","microsoft.insights/autoscalesettings","southcentralus","0","Sin etiquetas","{}"
"720bb4fd-9e4d-4525-95e6-3f6dfcfc6c78","rgprotgprod","AlertadePrueba","microsoft.insights/metricalerts","global","0","Sin etiquetas","{}"
"720bb4fd-9e4d-4525-95e6-3f6dfcfc6c78","gprotgautomation","SecurityCenterFree(gProtGAutomationOMS)","microsoft.operationsmanagement/solutions","eastus","0","Sin etiquetas","{}"
"720bb4fd-9e4d-4525-95e6-3f6dfcfc6c78","ai_osticket-wapp-insight_0785bd01-1b07-4315-8c52-0ade30310c05_managed","managed-osTicket-wapp-Insight-ws","microsoft.operationalinsights/workspaces","southcentralus","0","Sin etiquetas","{}"
"720bb4fd-9e4d-4525-95e6-3f6dfcfc6c78","rgprotgprod","rgprotgprodperfdiag333","microsoft.storage/storageaccounts","southcentralus","0","Sin etiquetas","{}"
"720bb4fd-9e4d-4525-95e6-3f6dfcfc6c78","loganalyticsdefaultresources","DefaultQueryPack","microsoft.operationalinsights/querypacks","eastus","0","Sin etiquetas","{}"
"720bb4fd-9e4d-4525-95e6-3f6dfcfc6c78","rgprotgweb","ctaportalprotg","microsoft.storage/storageaccounts","southcentralus","0","Sin etiquetas","{}"
"720bb4fd-9e4d-4525-95e6-3f6dfcfc6c78","osticket-webapp","tickets cpu max","microsoft.insights/metricalerts","global","0","Sin etiquetas","{}"
"720bb4fd-9e4d-4525-95e6-3f6dfcfc6c78","rgprotgprod","rgprotgproddiag765","microsoft.storage/storageaccounts","southcentralus","0","Sin etiquetas","{}"
"720bb4fd-9e4d-4525-95e6-3f6dfcfc6c78","gprotgautomation","AzureAutomationTutorial","microsoft.automation/automationaccounts/runbooks","eastus2","0","Sin etiquetas","{}"
"720bb4fd-9e4d-4525-95e6-3f6dfcfc6c78","rgprotgprod","rgprotgprodperfdiag884","microsoft.storage/storageaccounts","southcentralus","0","Sin etiquetas","{}"
"720bb4fd-9e4d-4525-95e6-3f6dfcfc6c78","osticket-webapp","error ostickets mayor 40","microsoft.insights/metricalerts","global","0","Sin etiquetas","{}"
"720bb4fd-9e4d-4525-95e6-3f6dfcfc6c78","migracion-mysql-test","Migracion-Mysql-test","microsoft.datamigration/services","southcentralus","0","Sin etiquetas","{}"
"720bb4fd-9e4d-4525-95e6-3f6dfcfc6c78","gprotgautomation","AzureAutomationTutorialScript","microsoft.automation/automationaccounts/runbooks","eastus2","0","Sin etiquetas","{}"
"720bb4fd-9e4d-4525-95e6-3f6dfcfc6c78","rgprotgweb","Espacio en BD supero umbral","microsoft.insights/metricalerts","global","0","Sin etiquetas","{}"
"720bb4fd-9e4d-4525-95e6-3f6dfcfc6c78","rgprotgprod","rgprotgproddiag316","microsoft.storage/storageaccounts","southcentralus","0","Sin etiquetas","{}"
"720bb4fd-9e4d-4525-95e6-3f6dfcfc6c78","gprotgautomation","AzureAutomationTutorialPython2","microsoft.automation/automationaccounts/runbooks","eastus2","0","Sin etiquetas","{}"
"720bb4fd-9e4d-4525-95e6-3f6dfcfc6c78","rgprotgweb","Se encontraron 20 errores","microsoft.insights/metricalerts","global","0","Sin etiquetas","{}"
"720bb4fd-9e4d-4525-95e6-3f6dfcfc6c78","defaultresourcegroup-scus","SecurityCenterFree(DefaultWorkspace-720bb4fd-9e4d-4525-95e6-3f6dfcfc6c78-SCUS)","microsoft.operationsmanagement/solutions","southcentralus","0","Sin etiquetas","{}"
"720bb4fd-9e4d-4525-95e6-3f6dfcfc6c78","rgprotgprod","vmContpaq_Disco2","microsoft.compute/disks","southcentralus","0","Sin etiquetas","{}"
"720bb4fd-9e4d-4525-95e6-3f6dfcfc6c78","rgprotgweb","ctamesahesk","microsoft.storage/storageaccounts","southcentralus","0","Sin etiquetas","{}"
"720bb4fd-9e4d-4525-95e6-3f6dfcfc6c78","osticket-webapp","SaltoLideres","microsoft.insights/components","southcentralus","0","Sin etiquetas","{}"
"720bb4fd-9e4d-4525-95e6-3f6dfcfc6c78","rgprotgprod","vmdatabaseptg-datos","microsoft.compute/disks","southcentralus","0","Sin etiquetas","{}"
"720bb4fd-9e4d-4525-95e6-3f6dfcfc6c78","defaultresourcegroup-eus","SecurityCenterFree(DefaultWorkspace-720bb4fd-9e4d-4525-95e6-3f6dfcfc6c78-EUS)","microsoft.operationsmanagement/solutions","eastus","0","Sin etiquetas","{}"
"720bb4fd-9e4d-4525-95e6-3f6dfcfc6c78","osticket-webapp","OSTickets14","microsoft.insights/components","southcentralus","0","Sin etiquetas","{}"
"720bb4fd-9e4d-4525-95e6-3f6dfcfc6c78","osticket-webapp","Failure Anomalies - OSTicketsv14","microsoft.alertsmanagement/smartdetectoralertrules","global","0","Sin etiquetas","{}"
"720bb4fd-9e4d-4525-95e6-3f6dfcfc6c78","osticket-webapp","fs_osTickets_at","microsoft.compute/disks","southcentralus","0","Sin etiquetas","{}"
"720bb4fd-9e4d-4525-95e6-3f6dfcfc6c78","rgprotgweb","20200527clonostickets","microsoft.insights/components","southcentralus","0","Sin etiquetas","{}"
"720bb4fd-9e4d-4525-95e6-3f6dfcfc6c78","rgprotgweb","webappprotgPaso","microsoft.web/sites","southcentralus","0","Sin etiquetas","{}"
"720bb4fd-9e4d-4525-95e6-3f6dfcfc6c78","osticket-webapp","ctaosticketsbackup","microsoft.storage/storageaccounts","southcentralus","0","Sin etiquetas","{}"
"720bb4fd-9e4d-4525-95e6-3f6dfcfc6c78","osticket-webapp","Failure Anomalies - OSTickets14","microsoft.alertsmanagement/smartdetectoralertrules","global","0","Sin etiquetas","{}"
"b428f40f-25ce-4000-b888-b850b9ffd789","extraccion-de-datos-etl","SqlIaasExtension","microsoft.compute/virtualmachines/extensions","eastus","","Etiquetado alto",""
"720bb4fd-9e4d-4525-95e6-3f6dfcfc6c78","rgprotgprod","Microsoft.Insights.VMDiagnosticsSettings","microsoft.compute/virtualmachines/extensions","southcentralus","","Etiquetado alto",""
"720bb4fd-9e4d-4525-95e6-3f6dfcfc6c78","osticket-webapp","rgProtgWeb-SouthCentralUSwebspace-260417174944","microsoft.web/certificates","southcentralus","","Etiquetado alto",""
"720bb4fd-9e4d-4525-95e6-3f6dfcfc6c78","rgprotgprod","vmDataBase-nsg","microsoft.network/networksecuritygroups","southcentralus","","Etiquetado alto",""
"720bb4fd-9e4d-4525-95e6-3f6dfcfc6c78","rgprotgprod","StartStop_VM_Notification","microsoft.insights/actiongroups","global","","Etiquetado alto",""
"720bb4fd-9e4d-4525-95e6-3f6dfcfc6c78","default-activitylogalerts","Avisos BD","microsoft.insights/actiongroups","global","","Etiquetado alto",""
"720bb4fd-9e4d-4525-95e6-3f6dfcfc6c78","azurebackuprg_southcentralus_1","AzureBackup_vmContpaq_17593741109035","microsoft.compute/restorepointcollections","southcentralus","","Etiquetado alto",""
"720bb4fd-9e4d-4525-95e6-3f6dfcfc6c78","defaultresourcegroup-scus","DefaultWorkspace-720bb4fd-9e4d-4525-95e6-3f6dfcfc6c78-SCUS","microsoft.operationalinsights/workspaces","southcentralus","","Etiquetado alto",""
"720bb4fd-9e4d-4525-95e6-3f6dfcfc6c78","rgprotgprod","vmClienteCont-nsg","microsoft.network/networksecuritygroups","southcentralus","","Etiquetado alto",""
"720bb4fd-9e4d-4525-95e6-3f6dfcfc6c78","rgprotgprod","SqlIaasExtension","microsoft.compute/virtualmachines/extensions","southcentralus","","Etiquetado alto",""
"720bb4fd-9e4d-4525-95e6-3f6dfcfc6c78","rgprotgweb","Application Insights Smart Detection","microsoft.insights/actiongroups","global","","Etiquetado alto",""
"720bb4fd-9e4d-4525-95e6-3f6dfcfc6c78","osticket-webapp","rgProtgWeb-SouthCentralUSwebspace-250415183916","microsoft.web/certificates","southcentralus","","Etiquetado alto",""
"720bb4fd-9e4d-4525-95e6-3f6dfcfc6c78","rgprotgweb","ServicePlan8c7d6aa0-90a3","microsoft.web/serverfarms","centralus","","Etiquetado alto",""
"720bb4fd-9e4d-4525-95e6-3f6dfcfc6c78","rgprotgprod","protg-mesaservicio","microsoft.web/certificates","southcentralus","","Etiquetado alto",""
"720bb4fd-9e4d-4525-95e6-3f6dfcfc6c78","osticket-webapp","PruebasOSTickets2409","microsoft.web/sites","southcentralus","","Etiquetado alto",""
"720bb4fd-9e4d-4525-95e6-3f6dfcfc6c78","rgprotgprod","gProtgVirtualGateway","microsoft.network/virtualnetworkgateways","southcentralus","","Etiquetado alto",""
"720bb4fd-9e4d-4525-95e6-3f6dfcfc6c78","networkwatcherrg","NetworkWatcher_eastus","microsoft.network/networkwatchers","eastus","","Etiquetado alto",""
"720bb4fd-9e4d-4525-95e6-3f6dfcfc6c78","rgprotgprod","vmDataBaseptg-pip-643d9b4f80c148c0b6b48a554ad50d1c","microsoft.network/publicipaddresses","southcentralus","","Etiquetado alto",""
"720bb4fd-9e4d-4525-95e6-3f6dfcfc6c78","rgprotgprod","MicrosoftMonitoringAgent","microsoft.compute/virtualmachines/extensions","southcentralus","","Etiquetado alto",""
"720bb4fd-9e4d-4525-95e6-3f6dfcfc6c78","azurebackuprg_southcentralus_1","AzureBackup_vmDataBaseptg_17592419746049","microsoft.compute/restorepointcollections","southcentralus","","Etiquetado alto",""
"720bb4fd-9e4d-4525-95e6-3f6dfcfc6c78","rgprotgprod","DependencyAgentWindows","microsoft.compute/virtualmachines/extensions","southcentralus","","Etiquetado alto",""
"720bb4fd-9e4d-4525-95e6-3f6dfcfc6c78","rgprotgprod","23.101.183.161","microsoft.network/publicipaddresses","southcentralus","","Etiquetado alto",""
"720bb4fd-9e4d-4525-95e6-3f6dfcfc6c78","migracion-mysql-test","migracion-Mysql-test","microsoft.network/virtualnetworks","southcentralus","","Etiquetado alto",""
"720bb4fd-9e4d-4525-95e6-3f6dfcfc6c78","rgprotgprod","vmDataBaseptg","microsoft.compute/virtualmachines","southcentralus","","Etiquetado alto",""
"720bb4fd-9e4d-4525-95e6-3f6dfcfc6c78","rgprotgweb","FAA2E6E9223DBA57B3DBE53C17E106BA229D170A-osTicket-WebApp-SouthCentralUSwebspace","microsoft.web/certificates","southcentralus","","Etiquetado alto",""
"720bb4fd-9e4d-4525-95e6-3f6dfcfc6c78","azureapp-auto-alerts-4c9b2d-francisco_caudillo_grupoprotg_com","Problema de Service Health en 'Microsoft Azure'","microsoft.insights/activitylogalerts","global","","Etiquetado alto",""
"720bb4fd-9e4d-4525-95e6-3f6dfcfc6c78","migracion-mysql-test","test","microsoft.network/virtualnetworks","westcentralus","","Etiquetado alto",""
"720bb4fd-9e4d-4525-95e6-3f6dfcfc6c78","osticket-webapp","Migration_AG2","microsoft.insights/actiongroups","global","","Etiquetado alto",""
"720bb4fd-9e4d-4525-95e6-3f6dfcfc6c78","networkwatcherrg","NetworkWatcher_southcentralus","microsoft.network/networkwatchers","southcentralus","","Etiquetado alto",""
"720bb4fd-9e4d-4525-95e6-3f6dfcfc6c78","defaultresourcegroup-eus","DefaultWorkspace-720bb4fd-9e4d-4525-95e6-3f6dfcfc6c78-EUS","microsoft.operationalinsights/workspaces","eastus","","Etiquetado alto",""
"720bb4fd-9e4d-4525-95e6-3f6dfcfc6c78","srv-mongo_group","respaldoDesarrollo","microsoft.recoveryservices/vaults","southcentralus","","Etiquetado alto",""
"720bb4fd-9e4d-4525-95e6-3f6dfcfc6c78","gprotgautomation","gProtGAutomationOMS","microsoft.operationalinsights/workspaces","eastus","","Etiquetado alto",""
"720bb4fd-9e4d-4525-95e6-3f6dfcfc6c78","rgprotgprod","S2SConprotg","microsoft.network/connections","southcentralus","","Etiquetado alto",""
"720bb4fd-9e4d-4525-95e6-3f6dfcfc6c78","rgprotgprod","lgwgProtg","microsoft.network/localnetworkgateways","southcentralus","","Etiquetado alto",""
"720bb4fd-9e4d-4525-95e6-3f6dfcfc6c78","osticket-webapp","pruebaost20jul","microsoft.dbformysql/flexibleservers","southcentralus","","Etiquetado alto",""
"720bb4fd-9e4d-4525-95e6-3f6dfcfc6c78","osticket-webapp","Aviso de errores","microsoft.insights/actiongroups","global","","Etiquetado alto",""
"720bb4fd-9e4d-4525-95e6-3f6dfcfc6c78","osticket-webapp","Migration_AG1","microsoft.insights/actiongroups","global","","Etiquetado alto",""
"720bb4fd-9e4d-4525-95e6-3f6dfcfc6c78","rgprotgprod","vmcontpaq315","microsoft.network/networkinterfaces","southcentralus","","Etiquetado alto",""
"720bb4fd-9e4d-4525-95e6-3f6dfcfc6c78","osticket-webapp","certificadossltickets2024a2025","microsoft.web/certificates","southcentralus","","Etiquetado alto",""
"720bb4fd-9e4d-4525-95e6-3f6dfcfc6c78","rgprotgprod","AzurePerformanceDiagnostics","microsoft.compute/virtualmachines/extensions","southcentralus","","Etiquetado alto",""
"b428f40f-25ce-4000-b888-b850b9ffd789","networkwatcherrg","NetworkWatcher_eastus","microsoft.network/networkwatchers","eastus","","Etiquetado alto",""
"720bb4fd-9e4d-4525-95e6-3f6dfcfc6c78","rgprotgweb","hesk-wapp","microsoft.web/sites","southcentralus","","Etiquetado alto",""
"720bb4fd-9e4d-4525-95e6-3f6dfcfc6c78","gprotgautomation","StartStop_VM_Notification","microsoft.insights/actiongroups","global","","Etiquetado alto",""
"720bb4fd-9e4d-4525-95e6-3f6dfcfc6c78","rgprotgprod","vmcontpaq","microsoft.sqlvirtualmachine/sqlvirtualmachines","southcentralus","","Etiquetado alto",""
"720bb4fd-9e4d-4525-95e6-3f6dfcfc6c78","rgprotgprod","svRecoveryGrupoProtg","microsoft.recoveryservices/vaults","southcentralus","","Etiquetado alto",""
"720bb4fd-9e4d-4525-95e6-3f6dfcfc6c78","rgprotgprod","MicrosoftMonitoringAgent","microsoft.compute/virtualmachines/extensions","southcentralus","","Etiquetado alto",""
"720bb4fd-9e4d-4525-95e6-3f6dfcfc6c78","rgprotgprod","vmContpaq","microsoft.compute/virtualmachines","southcentralus","","Etiquetado alto",""
"720bb4fd-9e4d-4525-95e6-3f6dfcfc6c78","default-activitylogalerts","enviar correo rc","microsoft.insights/actiongroups","global","","Etiquetado alto",""
"720bb4fd-9e4d-4525-95e6-3f6dfcfc6c78","rgprotgprod","vmContpaqnsg231","microsoft.network/networksecuritygroups","southcentralus","","Etiquetado alto",""
"720bb4fd-9e4d-4525-95e6-3f6dfcfc6c78","rgprotgweb","ASP-hesk-wapp-af4f","microsoft.web/serverfarms","southcentralus","","Etiquetado alto",""
"720bb4fd-9e4d-4525-95e6-3f6dfcfc6c78","osticket-webapp","Validacióncpu","microsoft.insights/actiongroups","global","","Etiquetado alto",""
"720bb4fd-9e4d-4525-95e6-3f6dfcfc6c78","rgprotgprod","rgProtgProd-vnet","microsoft.network/virtualnetworks","southcentralus","","Etiquetado alto",""
"720bb4fd-9e4d-4525-95e6-3f6dfcfc6c78","azureapp-auto-alerts-4c9b2d-francisco_caudillo_grupoprotg_com","azureapp-auto","microsoft.insights/actiongroups","global","","Etiquetado alto",""
"720bb4fd-9e4d-4525-95e6-3f6dfcfc6c78","networkwatcherrg","NetworkWatcher_westcentralus","microsoft.network/networkwatchers","westcentralus","","Etiquetado alto",""
"720bb4fd-9e4d-4525-95e6-3f6dfcfc6c78","rgprotgprod","vmDataBaseptg-nic-581efda9ee3d4f51bcf211ca84d5ef1f","microsoft.network/networkinterfaces","southcentralus","","Etiquetado alto",""
"720bb4fd-9e4d-4525-95e6-3f6dfcfc6c78","rgprotgweb","PlanServOSTicketHESK","microsoft.web/serverfarms","southcentralus","","Etiquetado alto",""
"720bb4fd-9e4d-4525-95e6-3f6dfcfc6c78","osticket-webapp","respaldosstorage","microsoft.dataprotection/backupvaults","southcentralus","","Etiquetado alto",""
"720bb4fd-9e4d-4525-95e6-3f6dfcfc6c78","rgprotgprod","vmContpaq_disk1_7192bc77544940cb9e72017aa2426cb0","microsoft.compute/disks","southcentralus","","Etiquetado alto",""
